city,date,temperature_2m_max,temperature_2m_min,precipitation_probability_max,wind_speed_10m_max,wind_gusts_10m_max,weather_code,lat,lng,risk_wind,risk_rain,risk_temp,risk_score_total
Casablanca,2026-09-16,25.8,21.2,0,14.3,37.1,3,33.5992,-7.62,0,0.0,0,0.0
Casablanca,2026-09-17,25.6,20.3,0,12.2,34.6,3,33.5992,-7.62,0,0.0,0,0.0
Casablanca,2026-09-18,25.3,19.3,0,13.0,34.9,3,33.5992,-7.62,0,0.0,0,0.0
Casablanca,2026-09-19,26.4,19.8,0,11.2,30.6,2,33.5992,-7.62,0,0.0,0,0.0
Casablanca,2026-09-20,28.8,21.4,0,10.2,31.3,2,33.5992,-7.62,0,0.0,0,0.0
Casablanca,2026-09-21,30.4,21.6,0,11.3,32.8,45,33.5992,-7.62,0,0.0,0,0.0
Casablanca,2026-09-22,28.8,20.7,0,12.5,33.1,45,33.5992,-7.62,0,0.0,0,0.0
Tangier,2026-09-16,26.0,17.6,0,17.8,42.8,3,35.7767,-5.8039,15,0.0,0,15.0
Tangier,2026-09-17,26.7,17.0,0,10.6,26.3,3,35.7767,-5.8039,0,0.0,0,0.0
Tangier,2026-09-18,28.2,18.8,0,17.3,41.4,2,35.7767,-5.8039,15,0.0,0,15.0
Tangier,2026-09-19,27.7,21.9,0,31.4,76.3,1,35.7767,-5.8039,30,0.0,0,30.0
Tangier,2026-09-20,28.0,23.7,0,33.1,81.0,1,35.7767,-5.8039,30,0.0,0,30.0
Tangier,2026-09-21,26.3,22.3,0,39.6,77.0,1,35.7767,-5.8039,30,0.0,0,30.0
Tangier,2026-09-22,26.4,21.6,0,33.6,63.7,1,35.7767,-5.8039,30,0.0,0,30.0
Fès,2026-09-16,31.3,21.0,0,16.5,41.4,1,34.0433,-5.0033,15,0.0,0,15.0
Fès,2026-09-17,28.9,18.6,0,12.8,33.8,3,34.0433,-5.0033,0,0.0,0,0.0
Fès,2026-09-18,31.0,18.2,3,10.5,28.8,3,34.0433,-5.0033,0,0.9,0,0.9
Fès,2026-09-19,34.0,21.1,0,17.7,46.4,2,34.0433,-5.0033,15,0.0,0,15.0
Fès,2026-09-20,36.1,22.3,0,17.7,44.6,2,34.0433,-5.0033,15,0.0,0,15.0
Fès,2026-09-21,36.5,22.9,3,12.5,35.8,2,34.0433,-5.0033,0,0.9,0,0.9
Fès,2026-09-22,36.1,21.3,3,9.1,24.5,0,34.0433,-5.0033,0,0.9,0,0.9
Marrakech,2026-09-16,34.6,21.9,0,12.1,33.1,1,31.6295,-7.9811,0,0.0,0,0.0
Marrakech,2026-09-17,30.3,19.0,0,10.5,29.2,2,31.6295,-7.9811,0,0.0,0,0.0
Marrakech,2026-09-18,31.9,19.4,0,8.0,24.8,3,31.6295,-7.9811,0,0.0,0,0.0
Marrakech,2026-09-19,34.8,21.7,2,7.3,24.1,2,31.6295,-7.9811,0,0.6,0,0.6
Marrakech,2026-09-20,38.3,24.2,15,11.1,32.8,3,31.6295,-7.9811,0,4.5,0,4.5
Marrakech,2026-09-21,36.3,22.7,3,13.5,27.4,80,31.6295,-7.9811,0,0.9,0,0.9
Marrakech,2026-09-22,36.1,21.8,3,10.0,19.8,3,31.6295,-7.9811,0,0.9,0,0.9
Sale,2026-09-16,26.0,21.1,0,16.0,39.2,2,34.05,-6.8167,0,0.0,0,0.0
Sale,2026-09-17,25.8,19.1,0,11.9,30.2,3,34.05,-6.8167,0,0.0,0,0.0
Sale,2026-09-18,25.7,18.1,0,13.4,33.8,3,34.05,-6.8167,0,0.0,0,0.0
Sale,2026-09-19,27.8,17.0,0,12.7,32.0,45,34.05,-6.8167,0,0.0,0,0.0
Sale,2026-09-20,30.9,20.6,0,11.3,30.2,2,34.05,-6.8167,0,0.0,0,0.0
Sale,2026-09-21,29.0,21.7,0,12.3,28.8,1,34.05,-6.8167,0,0.0,0,0.0
Sale,2026-09-22,27.2,20.2,0,11.3,27.0,45,34.05,-6.8167,0,0.0,0,0.0
Meknès,2026-09-16,30.4,19.0,0,16.7,42.5,1,33.8833,-5.55,15,0.0,0,15.0
Meknès,2026-09-17,27.5,17.4,0,13.2,34.6,45,33.8833,-5.55,0,0.0,0,0.0
Meknès,2026-09-18,29.3,16.0,3,13.6,36.4,3,33.8833,-5.55,0,0.9,0,0.9
Meknès,2026-09-19,33.9,18.8,0,12.4,34.2,2,33.8833,-5.55,0,0.0,0,0.0
Meknès,2026-09-20,37.2,21.5,5,17.9,51.1,2,33.8833,-5.55,15,1.5,0,16.5
Meknès,2026-09-21,36.2,21.8,1,15.5,34.9,2,33.8833,-5.55,0,0.3,0,0.3
Meknès,2026-09-22,35.1,21.4,0,13.4,31.7,0,33.8833,-5.55,0,0.0,0,0.0
Rabat,2026-09-16,26.0,21.1,0,16.0,39.2,2,34.0211,-6.8414,0,0.0,0,0.0
Rabat,2026-09-17,25.9,19.2,0,11.9,30.2,3,34.0211,-6.8414,0,0.0,0,0.0
Rabat,2026-09-18,25.8,18.2,0,13.4,33.8,3,34.0211,-6.8414,0,0.0,0,0.0
Rabat,2026-09-19,27.9,17.0,0,12.7,32.0,45,34.0211,-6.8414,0,0.0,0,0.0
Rabat,2026-09-20,30.9,20.7,0,11.3,30.2,2,34.0211,-6.8414,0,0.0,0,0.0
Rabat,2026-09-21,29.0,21.8,0,12.3,28.8,1,34.0211,-6.8414,0,0.0,0,0.0
Rabat,2026-09-22,27.2,20.3,0,11.3,27.0,45,34.0211,-6.8414,0,0.0,0,0.0
Agadir,2026-09-16,37.4,25.2,0,18.5,45.0,0,30.4214,-9.5831,15,0.0,0,15.0
Agadir,2026-09-17,29.2,21.1,0,15.1,38.9,3,30.4214,-9.5831,0,0.0,0,0.0
Agadir,2026-09-18,26.8,20.1,0,14.1,40.0,2,30.4214,-9.5831,0,0.0,0,0.0
Agadir,2026-09-19,27.5,21.0,0,12.6,36.4,2,30.4214,-9.5831,0,0.0,0,0.0
Agadir,2026-09-20,27.3,21.3,0,12.6,35.6,45,30.4214,-9.5831,0,0.0,0,0.0
Agadir,2026-09-21,33.4,21.3,0,13.0,26.6,1,30.4214,-9.5831,0,0.0,0,0.0
Agadir,2026-09-22,35.8,22.0,0,15.4,31.7,3,30.4214,-9.5831,0,0.0,0,0.0
Kenitra,2026-09-16,26.9,20.9,0,17.2,41.8,3,34.25,-6.5833,15,0.0,0,15.0
Kenitra,2026-09-17,26.6,19.1,0,11.6,29.9,3,34.25,-6.5833,0,0.0,0,0.0
Kenitra,2026-09-18,26.9,17.4,0,14.0,34.6,45,34.25,-6.5833,0,0.0,0,0.0
Kenitra,2026-09-19,31.0,16.9,0,14.5,37.8,45,34.25,-6.5833,0,0.0,0,0.0
Kenitra,2026-09-20,35.3,20.2,0,12.8,33.5,2,34.25,-6.5833,0,0.0,0,0.0
Kenitra,2026-09-21,32.8,19.9,0,13.9,32.4,45,34.25,-6.5833,0,0.0,0,0.0
Kenitra,2026-09-22,27.9,19.4,0,11.1,26.3,45,34.25,-6.5833,0,0.0,0,0.0
Oujda-Angad,2026-09-16,32.8,15.6,0,18.8,39.2,3,34.6867,-1.9114,0,0.0,0,0.0
Oujda-Angad,2026-09-17,28.6,15.6,5,21.6,44.6,3,34.6867,-1.9114,15,1.5,0,16.5
Oujda-Angad,2026-09-18,27.7,15.9,10,20.2,42.5,45,34.6867,-1.9114,15,3.0,0,18.0
Oujda-Angad,2026-09-19,28.4,17.8,20,21.8,44.6,45,34.6867,-1.9114,15,6.0,0,21.0
Oujda-Angad,2026-09-20,30.2,18.3,5,18.6,40.7,45,34.6867,-1.9114,15,1.5,0,16.5
Oujda-Angad,2026-09-21,29.3,18.1,1,23.4,42.8,2,34.6867,-1.9114,15,0.3,0,15.3
Oujda-Angad,2026-09-22,30.7,13.7,0,19.7,35.3,0,34.6867,-1.9114,0,0.0,0,0.0
Tétouan,2026-09-16,33.3,18.8,0,26.2,60.8,3,35.5667,-5.3667,30,0.0,0,30.0
Tétouan,2026-09-17,27.8,14.9,0,11.0,29.2,3,35.5667,-5.3667,0,0.0,0,0.0
Tétouan,2026-09-18,26.9,19.2,3,18.6,45.0,3,35.5667,-5.3667,15,0.9,0,15.9
Tétouan,2026-09-19,26.4,22.0,0,33.4,79.6,2,35.5667,-5.3667,30,0.0,0,30.0
Tétouan,2026-09-20,26.4,22.9,0,32.2,76.3,2,35.5667,-5.3667,30,0.0,0,30.0
Tétouan,2026-09-21,26.6,22.5,0,33.2,68.4,2,35.5667,-5.3667,30,0.0,0,30.0
Tétouan,2026-09-22,27.0,21.7,0,21.7,52.9,2,35.5667,-5.3667,15,0.0,0,15.0
Safi,2026-09-16,28.4,21.1,0,27.3,49.3,2,32.2833,-9.2333,15,0.0,0,15.0
Safi,2026-09-17,25.4,19.6,0,20.8,38.9,2,32.2833,-9.2333,0,0.0,0,0.0
Safi,2026-09-18,26.1,19.4,0,24.1,43.2,2,32.2833,-9.2333,15,0.0,0,15.0
Safi,2026-09-19,27.1,19.1,0,20.2,36.0,2,32.2833,-9.2333,0,0.0,0,0.0
Safi,2026-09-20,25.0,20.8,0,9.9,20.5,45,32.2833,-9.2333,0,0.0,0,0.0
Safi,2026-09-21,27.6,20.4,0,14.3,27.0,45,32.2833,-9.2333,0,0.0,0,0.0
Safi,2026-09-22,27.6,20.6,0,13.6,26.3,45,32.2833,-9.2333,0,0.0,0,0.0
Taourirt,2026-09-16,34.4,18.8,0,20.6,33.1,1,34.41,-2.89,0,0.0,0,0.0
Taourirt,2026-09-17,30.4,19.8,5,27.6,45.7,3,34.41,-2.89,15,1.5,0,16.5
Taourirt,2026-09-18,29.7,19.3,8,29.0,48.2,45,34.41,-2.89,15,2.4,0,17.4
Taourirt,2026-09-19,28.9,19.4,5,30.9,52.6,3,34.41,-2.89,15,1.5,0,16.5
Taourirt,2026-09-20,30.0,20.2,3,28.2,47.5,45,34.41,-2.89,15,0.9,0,15.9
Taourirt,2026-09-21,30.3,19.6,0,24.3,41.8,3,34.41,-2.89,15,0.0,0,15.0
Taourirt,2026-09-22,31.1,17.0,0,21.1,37.4,0,34.41,-2.89,0,0.0,0,0.0
Temara,2026-09-16,25.8,20.5,0,15.9,40.3,2,33.9234,-6.9076,15,0.0,0,15.0
Temara,2026-09-17,25.6,18.9,0,12.1,32.4,3,33.9234,-6.9076,0,0.0,0,0.0
Temara,2026-09-18,25.5,17.4,0,13.2,34.6,45,33.9234,-6.9076,0,0.0,0,0.0
Temara,2026-09-19,27.8,16.4,0,11.9,31.3,45,33.9234,-6.9076,0,0.0,0,0.0
Temara,2026-09-20,30.6,20.2,0,11.2,29.5,2,33.9234,-6.9076,0,0.0,0,0.0
Temara,2026-09-21,26.9,21.4,0,12.0,25.9,1,33.9234,-6.9076,0,0.0,0,0.0
Temara,2026-09-22,25.1,20.4,0,12.1,24.5,45,33.9234,-6.9076,0,0.0,0,0.0
Laâyoune,2026-09-16,34.2,21.9,0,26.3,51.5,0,27.15,-13.2,15,0.0,0,15.0
Laâyoune,2026-09-17,28.2,21.6,0,30.7,58.0,51,27.15,-13.2,15,0.0,0,15.0
Laâyoune,2026-09-18,28.0,19.7,2,28.1,54.7,51,27.15,-13.2,15,0.6,0,15.6
Laâyoune,2026-09-19,29.1,18.6,2,24.5,48.2,2,27.15,-13.2,15,0.6,0,15.6
Laâyoune,2026-09-20,31.4,19.7,0,20.6,43.2,3,27.15,-13.2,15,0.0,0,15.0
Laâyoune,2026-09-21,36.2,20.2,3,24.3,49.0,0,27.15,-13.2,15,0.9,0,15.9
Laâyoune,2026-09-22,35.8,20.1,4,26.2,50.0,1,27.15,-13.2,15,1.2,0,16.2
El Jadid,2026-09-16,25.1,21.6,0,19.1,34.2,2,33.2566,-8.5025,0,0.0,0,0.0
El Jadid,2026-09-17,25.6,20.7,0,15.8,29.5,3,33.2566,-8.5025,0,0.0,0,0.0
El Jadid,2026-09-18,25.1,19.9,0,18.3,32.8,2,33.2566,-8.5025,0,0.0,0,0.0
El Jadid,2026-09-19,25.7,20.0,0,14.8,27.7,2,33.2566,-8.5025,0,0.0,0,0.0
El Jadid,2026-09-20,27.2,21.3,0,12.5,24.1,45,33.2566,-8.5025,0,0.0,0,0.0
El Jadid,2026-09-21,28.0,21.7,0,14.4,29.2,45,33.2566,-8.5025,0,0.0,0,0.0
El Jadid,2026-09-22,27.3,21.7,0,13.0,25.9,45,33.2566,-8.5025,0,0.0,0,0.0
Ait Melloul,2026-09-16,30.7,22.0,0,19.1,36.4,1,30.3342,-9.4972,0,0.0,0,0.0
Ait Melloul,2026-09-17,27.8,21.5,0,17.7,35.3,3,30.3342,-9.4972,0,0.0,0,0.0
Ait Melloul,2026-09-18,26.8,20.5,0,18.5,37.1,3,30.3342,-9.4972,0,0.0,0,0.0
Ait Melloul,2026-09-19,26.9,21.0,0,19.7,39.6,2,30.3342,-9.4972,0,0.0,0,0.0
Ait Melloul,2026-09-20,27.1,20.9,0,18.8,37.1,2,30.3342,-9.4972,0,0.0,0,0.0
Ait Melloul,2026-09-21,33.7,21.5,0,13.0,26.6,1,30.3342,-9.4972,0,0.0,0,0.0
Ait Melloul,2026-09-22,36.1,22.3,0,15.4,31.7,3,30.3342,-9.4972,0,0.0,0,0.0
Béni Mellal,2026-09-16,32.8,21.9,0,18.0,37.4,2,32.3394,-6.3608,0,0.0,0,0.0
Béni Mellal,2026-09-17,29.8,19.2,0,10.9,25.6,1,32.3394,-6.3608,0,0.0,0,0.0
Béni Mellal,2026-09-18,31.5,19.6,0,10.0,26.6,3,32.3394,-6.3608,0,0.0,0,0.0
Béni Mellal,2026-09-19,35.1,22.3,0,9.3,21.6,2,32.3394,-6.3608,0,0.0,0,0.0
Béni Mellal,2026-09-20,38.1,25.0,3,23.6,49.7,2,32.3394,-6.3608,15,0.9,0,15.9
Béni Mellal,2026-09-21,37.4,26.2,3,22.9,42.8,3,32.3394,-6.3608,15,0.9,0,15.9
Béni Mellal,2026-09-22,37.0,25.3,3,18.5,34.6,3,32.3394,-6.3608,0,0.9,0,0.9
Bouskoura,2026-09-16,27.2,20.0,0,16.6,40.3,45,33.4489,-7.6486,15,0.0,0,15.0
Bouskoura,2026-09-17,26.6,19.3,0,15.3,37.4,3,33.4489,-7.6486,0,0.0,0,0.0
Bouskoura,2026-09-18,27.5,17.7,0,17.1,41.4,3,33.4489,-7.6486,15,0.0,0,15.0
Bouskoura,2026-09-19,29.4,18.3,0,13.8,34.6,45,33.4489,-7.6486,0,0.0,0,0.0
Bouskoura,2026-09-20,32.4,21.1,0,14.0,37.8,2,33.4489,-7.6486,0,0.0,0,0.0
Bouskoura,2026-09-21,29.6,20.8,0,11.3,32.8,45,33.4489,-7.6486,0,0.0,0,0.0
Bouskoura,2026-09-22,28.0,19.9,0,12.5,33.1,45,33.4489,-7.6486,0,0.0,0,0.0
Tiznit,2026-09-16,32.5,22.3,0,22.5,37.1,2,29.7,-9.7269,0,0.0,0,0.0
Tiznit,2026-09-17,23.7,20.1,0,23.1,38.5,3,29.7,-9.7269,0,0.0,0,0.0
Tiznit,2026-09-18,25.8,20.0,0,22.1,37.1,3,29.7,-9.7269,0,0.0,0,0.0
Tiznit,2026-09-19,27.2,20.1,0,16.7,31.0,1,29.7,-9.7269,0,0.0,0,0.0
Tiznit,2026-09-20,27.6,20.2,0,14.3,24.8,1,29.7,-9.7269,0,0.0,0,0.0
Tiznit,2026-09-21,27.5,19.1,0,12.2,21.2,45,29.7,-9.7269,0,0.0,0,0.0
Tiznit,2026-09-22,29.3,18.6,0,11.3,21.6,45,29.7,-9.7269,0,0.0,0,0.0
Mohammedia,2026-09-16,25.3,20.7,0,15.8,36.7,2,33.6833,-7.3833,0,0.0,0,0.0
Mohammedia,2026-09-17,25.2,19.8,0,14.3,33.8,3,33.6833,-7.3833,0,0.0,0,0.0
Mohammedia,2026-09-18,24.6,18.2,0,14.1,34.2,2,33.6833,-7.3833,0,0.0,0,0.0
Mohammedia,2026-09-19,25.8,17.9,0,13.1,31.0,45,33.6833,-7.3833,0,0.0,0,0.0
Mohammedia,2026-09-20,27.8,20.6,0,11.8,29.5,2,33.6833,-7.3833,0,0.0,0,0.0
Mohammedia,2026-09-21,31.8,20.4,0,15.0,30.6,45,33.6833,-7.3833,0,0.0,0,0.0
Mohammedia,2026-09-22,30.7,19.6,0,15.3,28.8,45,33.6833,-7.3833,0,0.0,0,0.0
Kouribga,2026-09-16,30.8,18.0,0,18.3,35.3,0,32.88,-6.9,0,0.0,0,0.0
Kouribga,2026-09-17,28.7,15.2,0,18.6,36.4,1,32.88,-6.9,0,0.0,0,0.0
Kouribga,2026-09-18,29.6,15.2,0,17.7,34.9,3,32.88,-6.9,0,0.0,0,0.0
Kouribga,2026-09-19,33.1,17.7,0,18.4,36.4,2,32.88,-6.9,0,0.0,0,0.0
Kouribga,2026-09-20,35.9,22.8,8,22.7,46.8,3,32.88,-6.9,15,2.4,0,17.4
Kouribga,2026-09-21,33.7,19.8,5,14.6,31.0,3,32.88,-6.9,0,1.5,0,1.5
Kouribga,2026-09-22,33.8,18.6,5,16.3,32.8,3,32.88,-6.9,0,1.5,0,1.5
Settat,2026-09-16,30.4,19.4,0,18.6,39.2,2,33.0023,-7.6198,0,0.0,0,0.0
Settat,2026-09-17,27.9,16.8,0,17.9,37.4,45,33.0023,-7.6198,0,0.0,0,0.0
Settat,2026-09-18,29.7,16.6,0,19.1,40.3,45,33.0023,-7.6198,15,0.0,0,15.0
Settat,2026-09-19,32.3,16.4,0,15.5,36.0,2,33.0023,-7.6198,0,0.0,0,0.0
Settat,2026-09-20,36.8,21.3,5,18.4,40.7,2,33.0023,-7.6198,15,1.5,0,16.5
Settat,2026-09-21,34.9,19.5,1,19.1,37.1,3,33.0023,-7.6198,0,0.3,0,0.3
Settat,2026-09-22,33.8,20.0,0,15.7,32.0,45,33.0023,-7.6198,0,0.0,0,0.0
Barrechid,2026-09-16,29.5,19.5,0,19.8,35.6,2,33.27,-7.5872,0,0.0,0,0.0
Barrechid,2026-09-17,27.9,18.1,0,17.9,32.8,3,33.27,-7.5872,0,0.0,0,0.0
Barrechid,2026-09-18,29.6,17.5,0,20.2,36.4,3,33.27,-7.5872,0,0.0,0,0.0
Barrechid,2026-09-19,32.0,16.8,0,16.4,30.6,45,33.27,-7.5872,0,0.0,0,0.0
Barrechid,2026-09-20,35.7,20.7,0,19.4,34.9,2,33.27,-7.5872,0,0.0,0,0.0
Barrechid,2026-09-21,33.7,19.7,0,17.8,33.8,45,33.27,-7.5872,0,0.0,0,0.0
Barrechid,2026-09-22,32.2,19.8,0,17.4,31.7,45,33.27,-7.5872,0,0.0,0,0.0
Ad Dakhla,2026-09-16,24.0,22.1,2,34.9,43.2,0,23.7167,-15.95,15,0.6,0,15.6
Ad Dakhla,2026-09-17,22.1,20.4,0,40.4,51.8,2,23.7167,-15.95,15,0.0,0,15.0
Ad Dakhla,2026-09-18,21.3,20.3,0,37.1,46.4,0,23.7167,-15.95,15,0.0,0,15.0
Ad Dakhla,2026-09-19,21.0,20.1,0,30.0,37.4,0,23.7167,-15.95,0,0.0,0,0.0
Ad Dakhla,2026-09-20,21.3,19.6,0,31.9,41.0,0,23.7167,-15.95,15,0.0,0,15.0
Ad Dakhla,2026-09-21,21.7,19.9,9,29.0,38.2,51,23.7167,-15.95,0,2.7,0,2.7
Ad Dakhla,2026-09-22,21.9,20.5,12,27.6,37.8,53,23.7167,-15.95,0,3.6,0,3.6
Nador,2026-09-16,29.8,21.6,0,10.4,25.2,2,35.1667,-2.9333,0,0.0,0,0.0
Nador,2026-09-17,27.1,21.7,0,15.2,34.6,3,35.1667,-2.9333,0,0.0,0,0.0
Nador,2026-09-18,25.5,22.1,3,14.3,32.4,80,35.1667,-2.9333,0,0.9,0,0.9
Nador,2026-09-19,25.8,22.7,0,23.9,52.2,80,35.1667,-2.9333,15,0.0,0,15.0
Nador,2026-09-20,26.0,23.9,3,24.2,50.4,80,35.1667,-2.9333,15,0.9,0,15.9
Nador,2026-09-21,27.0,22.3,0,23.1,40.7,2,35.1667,-2.9333,15,0.0,0,15.0
Nador,2026-09-22,26.7,18.3,0,17.3,31.7,45,35.1667,-2.9333,0,0.0,0,0.0
Taza,2026-09-16,30.7,19.0,0,25.6,52.6,1,34.2144,-4.0088,15,0.0,0,15.0
Taza,2026-09-17,30.1,17.3,8,16.9,35.6,3,34.2144,-4.0088,0,2.4,0,2.4
Taza,2026-09-18,29.6,17.9,3,17.5,35.6,3,34.2144,-4.0088,0,0.9,0,0.9
Taza,2026-09-19,29.2,18.6,0,24.5,51.8,3,34.2144,-4.0088,15,0.0,0,15.0
Taza,2026-09-20,30.4,19.9,0,22.6,47.5,3,34.2144,-4.0088,15,0.0,0,15.0
Taza,2026-09-21,29.8,20.4,0,21.3,38.9,2,34.2144,-4.0088,0,0.0,0,0.0
Taza,2026-09-22,31.7,17.9,3,15.9,30.6,1,34.2144,-4.0088,0,0.9,0,0.9
Inezgane,2026-09-16,32.1,22.3,0,11.3,32.0,2,30.3658,-9.5381,0,0.0,0,0.0
Inezgane,2026-09-17,27.4,21.1,0,14.4,41.4,3,30.3658,-9.5381,15,0.0,0,15.0
Inezgane,2026-09-18,25.5,19.9,0,14.5,41.4,2,30.3658,-9.5381,15,0.0,0,15.0
Inezgane,2026-09-19,25.7,20.6,0,14.1,38.9,45,30.3658,-9.5381,0,0.0,0,0.0
Inezgane,2026-09-20,25.8,20.5,0,14.3,38.9,45,30.3658,-9.5381,0,0.0,0,0.0
Inezgane,2026-09-21,33.7,21.6,0,13.0,26.6,1,30.3658,-9.5381,0,0.0,0,0.0
Inezgane,2026-09-22,36.1,22.3,0,15.4,31.7,3,30.3658,-9.5381,0,0.0,0,0.0
Larache,2026-09-16,26.9,18.0,0,16.7,31.7,3,35.1833,-6.15,0,0.0,0,0.0
Larache,2026-09-17,26.3,18.2,0,13.0,25.2,3,35.1833,-6.15,0,0.0,0,0.0
Larache,2026-09-18,26.4,15.3,0,17.8,34.2,45,35.1833,-6.15,0,0.0,0,0.0
Larache,2026-09-19,35.5,17.1,0,19.5,36.0,1,35.1833,-6.15,0,0.0,0,0.0
Larache,2026-09-20,38.4,25.2,0,18.4,36.4,1,35.1833,-6.15,0,0.0,0,0.0
Larache,2026-09-21,33.7,20.7,0,13.5,25.9,0,35.1833,-6.15,0,0.0,0,0.0
Larache,2026-09-22,30.0,17.5,0,12.7,23.8,0,35.1833,-6.15,0,0.0,0,0.0
Al Khmissat,2026-09-16,31.2,18.1,0,20.0,40.7,2,33.81,-6.06,15,0.0,0,15.0
Al Khmissat,2026-09-17,28.4,16.4,0,15.1,31.7,3,33.81,-6.06,0,0.0,0,0.0
Al Khmissat,2026-09-18,29.5,15.2,0,16.4,33.5,45,33.81,-6.06,0,0.0,0,0.0
Al Khmissat,2026-09-19,34.6,17.9,0,14.5,31.7,1,33.81,-6.06,0,0.0,0,0.0
Al Khmissat,2026-09-20,38.7,21.4,3,14.3,36.0,3,33.81,-6.06,0,0.9,0,0.9
Al Khmissat,2026-09-21,37.3,19.0,3,19.9,37.4,2,33.81,-6.06,0,0.9,0,0.9
Al Khmissat,2026-09-22,35.0,18.8,3,15.7,30.2,0,33.81,-6.06,0,0.9,0,0.9
Guelmim,2026-09-16,34.6,20.8,0,28.2,46.8,1,28.9833,-10.0667,15,0.0,0,15.0
Guelmim,2026-09-17,24.7,18.8,0,28.9,48.6,3,28.9833,-10.0667,15,0.0,0,15.0
Guelmim,2026-09-18,27.0,17.3,0,23.5,41.8,2,28.9833,-10.0667,15,0.0,0,15.0
Guelmim,2026-09-19,31.1,18.3,0,21.0,35.6,3,28.9833,-10.0667,0,0.0,0,0.0
Guelmim,2026-09-20,34.1,17.0,0,19.2,37.1,3,28.9833,-10.0667,0,0.0,0,0.0
Guelmim,2026-09-21,40.2,22.6,2,16.7,31.3,1,28.9833,-10.0667,0,0.6,20,20.6
Guelmim,2026-09-22,38.6,25.8,3,19.0,38.9,0,28.9833,-10.0667,0,0.9,0,0.9
Ksar El Kebir,2026-09-16,29.9,19.7,0,16.6,33.5,3,35.0,-5.9,0,0.0,0,0.0
Ksar El Kebir,2026-09-17,28.9,18.9,0,15.0,29.5,3,35.0,-5.9,0,0.0,0,0.0
Ksar El Kebir,2026-09-18,30.3,16.1,0,17.8,35.3,45,35.0,-5.9,0,0.0,0,0.0
Ksar El Kebir,2026-09-19,36.4,18.4,0,11.0,17.3,45,35.0,-5.9,0,0.0,0,0.0
Ksar El Kebir,2026-09-20,39.9,22.5,0,9.0,20.2,1,35.0,-5.9,0,0.0,0,0.0
Ksar El Kebir,2026-09-21,37.1,22.4,0,14.9,28.4,0,35.0,-5.9,0,0.0,0,0.0
Ksar El Kebir,2026-09-22,34.7,21.2,0,16.3,31.3,0,35.0,-5.9,0,0.0,0,0.0
Khénifra,2026-09-16,31.4,16.2,0,16.7,32.8,1,32.93,-5.66,0,0.0,0,0.0
Khénifra,2026-09-17,31.7,16.1,3,18.1,34.2,3,32.93,-5.66,0,0.9,0,0.9
Khénifra,2026-09-18,31.8,16.1,0,18.2,33.8,3,32.93,-5.66,0,0.0,0,0.0
Khénifra,2026-09-19,34.7,19.2,3,11.7,21.2,3,32.93,-5.66,0,0.9,0,0.9
Khénifra,2026-09-20,36.3,22.2,3,16.0,34.2,3,32.93,-5.66,0,0.9,0,0.9
Khénifra,2026-09-21,34.9,20.9,5,19.0,35.6,80,32.93,-5.66,0,1.5,0,1.5
Khénifra,2026-09-22,34.9,19.0,5,16.4,29.2,2,32.93,-5.66,0,1.5,0,1.5
Skhirate,2026-09-16,24.9,20.6,0,16.8,36.4,2,33.85,-7.03,0,0.0,0,0.0
Skhirate,2026-09-17,24.6,19.1,0,12.5,28.1,3,33.85,-7.03,0,0.0,0,0.0
Skhirate,2026-09-18,24.2,17.7,0,15.1,33.1,3,33.85,-7.03,0,0.0,0,0.0
Skhirate,2026-09-19,25.9,17.3,0,13.0,28.1,45,33.85,-7.03,0,0.0,0,0.0
Skhirate,2026-09-20,27.6,20.0,0,11.5,27.4,2,33.85,-7.03,0,0.0,0,0.0
Skhirate,2026-09-21,27.0,21.5,0,12.0,25.9,1,33.85,-7.03,0,0.0,0,0.0
Skhirate,2026-09-22,25.2,20.5,0,12.1,24.5,45,33.85,-7.03,0,0.0,0,0.0
Beni Yakhlef,2026-09-16,26.7,19.4,0,19.4,36.0,2,33.6555,-7.3221,0,0.0,0,0.0
Beni Yakhlef,2026-09-17,26.4,19.2,0,16.6,31.3,3,33.6555,-7.3221,0,0.0,0,0.0
Beni Yakhlef,2026-09-18,26.4,16.8,0,19.0,35.6,45,33.6555,-7.3221,0,0.0,0,0.0
Beni Yakhlef,2026-09-19,28.2,16.9,0,16.8,31.0,45,33.6555,-7.3221,0,0.0,0,0.0
Beni Yakhlef,2026-09-20,31.1,20.3,0,16.3,29.9,2,33.6555,-7.3221,0,0.0,0,0.0
Beni Yakhlef,2026-09-21,31.2,19.9,0,15.0,30.6,45,33.6555,-7.3221,0,0.0,0,0.0
Beni Yakhlef,2026-09-22,30.2,19.0,0,15.3,28.8,45,33.6555,-7.3221,0,0.0,0,0.0
Sidi Yahya Zaer,2026-09-16,27.6,18.4,0,21.5,43.9,2,33.7105,-6.8831,15,0.0,0,15.0
Sidi Yahya Zaer,2026-09-17,26.8,16.4,0,17.1,34.9,45,33.7105,-6.8831,0,0.0,0,0.0
Sidi Yahya Zaer,2026-09-18,28.1,15.5,0,17.6,35.3,45,33.7105,-6.8831,0,0.0,0,0.0
Sidi Yahya Zaer,2026-09-19,30.8,16.4,0,16.0,32.8,2,33.7105,-6.8831,0,0.0,0,0.0
Sidi Yahya Zaer,2026-09-20,35.0,20.4,0,16.6,37.4,2,33.7105,-6.8831,0,0.0,0,0.0
Sidi Yahya Zaer,2026-09-21,33.2,18.1,0,16.0,33.8,1,33.7105,-6.8831,0,0.0,0,0.0
Sidi Yahya Zaer,2026-09-22,30.9,17.1,0,15.0,31.0,1,33.7105,-6.8831,0,0.0,0,0.0
Ben Guerir,2026-09-16,32.8,19.9,0,19.9,38.5,1,32.23,-7.95,0,0.0,0,0.0
Ben Guerir,2026-09-17,29.0,16.8,0,16.3,33.5,2,32.23,-7.95,0,0.0,0,0.0
Ben Guerir,2026-09-18,30.8,17.0,0,16.9,35.6,3,32.23,-7.95,0,0.0,0,0.0
Ben Guerir,2026-09-19,33.1,18.0,0,16.3,33.5,2,32.23,-7.95,0,0.0,0,0.0
Ben Guerir,2026-09-20,36.6,22.5,10,20.6,45.4,2,32.23,-7.95,15,3.0,0,18.0
Ben Guerir,2026-09-21,35.6,21.8,5,19.1,36.4,2,32.23,-7.95,0,1.5,0,1.5
Ben Guerir,2026-09-22,34.9,21.9,5,16.8,29.5,3,32.23,-7.95,0,1.5,0,1.5
Ait Ali,2026-09-16,32.1,22.5,0,24.7,39.6,1,30.1739,-9.4881,0,0.0,0,0.0
Ait Ali,2026-09-17,27.5,21.2,0,26.7,43.6,3,30.1739,-9.4881,15,0.0,0,15.0
Ait Ali,2026-09-18,26.8,20.3,0,24.8,40.0,2,30.1739,-9.4881,0,0.0,0,0.0
Ait Ali,2026-09-19,27.0,20.6,0,21.0,35.3,2,30.1739,-9.4881,0,0.0,0,0.0
Ait Ali,2026-09-20,27.3,20.7,0,20.5,33.5,2,30.1739,-9.4881,0,0.0,0,0.0
Ait Ali,2026-09-21,29.4,20.6,0,16.8,28.8,1,30.1739,-9.4881,0,0.0,0,0.0
Ait Ali,2026-09-22,31.9,20.0,0,16.7,29.5,45,30.1739,-9.4881,0,0.0,0,0.0
My Drarga,2026-09-16,31.7,23.0,0,15.6,33.5,2,30.3805,-9.4763,0,0.0,0,0.0
My Drarga,2026-09-17,28.1,21.0,0,18.9,41.0,3,30.3805,-9.4763,15,0.0,0,15.0
My Drarga,2026-09-18,26.7,20.0,0,18.4,41.8,2,30.3805,-9.4763,15,0.0,0,15.0
My Drarga,2026-09-19,27.3,20.5,0,17.1,37.4,45,30.3805,-9.4763,0,0.0,0,0.0
My Drarga,2026-09-20,27.4,20.4,0,16.2,36.0,45,30.3805,-9.4763,0,0.0,0,0.0
My Drarga,2026-09-21,33.6,21.4,0,13.0,26.6,1,30.3805,-9.4763,0,0.0,0,0.0
My Drarga,2026-09-22,36.0,22.2,0,15.4,31.7,3,30.3805,-9.4763,0,0.0,0,0.0
Lqoliaa,2026-09-16,32.3,21.8,0,21.4,42.8,1,30.2942,-9.4544,15,0.0,0,15.0
Lqoliaa,2026-09-17,28.4,21.2,0,18.9,41.0,3,30.2942,-9.4544,15,0.0,0,15.0
Lqoliaa,2026-09-18,27.6,20.1,0,19.2,42.1,2,30.2942,-9.4544,15,0.0,0,15.0
Lqoliaa,2026-09-19,27.8,20.6,0,20.3,44.6,2,30.2942,-9.4544,15,0.0,0,15.0
Lqoliaa,2026-09-20,28.2,20.4,0,19.5,42.8,2,30.2942,-9.4544,15,0.0,0,15.0
Lqoliaa,2026-09-21,29.0,19.7,0,15.8,36.7,2,30.2942,-9.4544,0,0.0,0,0.0
Lqoliaa,2026-09-22,31.0,18.7,0,16.3,37.4,3,30.2942,-9.4544,0,0.0,0,0.0
El Kelaa des Srarhna,2026-09-16,34.1,20.6,0,19.2,32.0,2,32.05,-7.4,0,0.0,0,0.0
El Kelaa des Srarhna,2026-09-17,30.1,17.8,0,15.9,27.0,3,32.05,-7.4,0,0.0,0,0.0
El Kelaa des Srarhna,2026-09-18,31.3,18.2,0,15.3,26.6,3,32.05,-7.4,0,0.0,0,0.0
El Kelaa des Srarhna,2026-09-19,34.2,20.3,0,14.3,28.4,2,32.05,-7.4,0,0.0,0,0.0
El Kelaa des Srarhna,2026-09-20,40.0,22.9,13,24.2,46.1,3,32.05,-7.4,15,3.9,0,18.9
El Kelaa des Srarhna,2026-09-21,36.3,22.2,4,26.1,43.6,80,32.05,-7.4,15,1.2,0,16.2
El Kelaa des Srarhna,2026-09-22,35.5,20.7,0,12.5,21.6,3,32.05,-7.4,0,0.0,0,0.0
Moulay Abdallah,2026-09-16,26.0,21.5,0,21.3,33.8,45,33.1978,-8.5883,0,0.0,0,0.0
Moulay Abdallah,2026-09-17,26.4,20.6,0,17.4,28.4,3,33.1978,-8.5883,0,0.0,0,0.0
Moulay Abdallah,2026-09-18,26.0,19.9,0,20.5,32.4,3,33.1978,-8.5883,0,0.0,0,0.0
Moulay Abdallah,2026-09-19,26.9,19.9,0,15.8,26.3,2,33.1978,-8.5883,0,0.0,0,0.0
Moulay Abdallah,2026-09-20,27.2,21.4,0,14.3,22.3,45,33.1978,-8.5883,0,0.0,0,0.0
Moulay Abdallah,2026-09-21,27.2,21.4,0,13.9,27.4,45,33.1978,-8.5883,0,0.0,0,0.0
Moulay Abdallah,2026-09-22,26.9,21.5,0,12.6,24.1,45,33.1978,-8.5883,0,0.0,0,0.0
Tiflet,2026-09-16,29.5,19.1,0,20.8,41.4,2,33.9,-6.33,15,0.0,0,15.0
Tiflet,2026-09-17,27.8,16.6,0,15.3,31.3,3,33.9,-6.33,0,0.0,0,0.0
Tiflet,2026-09-18,29.1,15.3,0,16.2,32.8,45,33.9,-6.33,0,0.0,0,0.0
Tiflet,2026-09-19,34.2,17.7,0,14.9,35.3,1,33.9,-6.33,0,0.0,0,0.0
Tiflet,2026-09-20,38.3,20.8,5,14.9,36.7,3,33.9,-6.33,0,1.5,0,1.5
Tiflet,2026-09-21,37.4,21.3,1,18.4,40.0,1,33.9,-6.33,0,0.3,0,0.3
Tiflet,2026-09-22,34.3,20.0,0,15.4,31.0,0,33.9,-6.33,0,0.0,0,0.0
Oulad Teïma,2026-09-16,35.5,22.0,0,21.7,42.8,1,30.4,-9.21,15,0.0,0,15.0
Oulad Teïma,2026-09-17,30.0,20.1,0,26.4,50.8,3,30.4,-9.21,15,0.0,0,15.0
Oulad Teïma,2026-09-18,29.9,19.4,0,22.7,43.6,2,30.4,-9.21,15,0.0,0,15.0
Oulad Teïma,2026-09-19,30.5,20.2,0,24.4,48.2,2,30.4,-9.21,15,0.0,0,15.0
Oulad Teïma,2026-09-20,30.5,20.1,0,22.4,43.9,2,30.4,-9.21,15,0.0,0,15.0
Oulad Teïma,2026-09-21,32.2,19.0,0,23.8,41.8,45,30.4,-9.21,15,0.0,0,15.0
Oulad Teïma,2026-09-22,34.9,19.4,0,25.8,47.2,45,30.4,-9.21,15,0.0,0,15.0
Berkane,2026-09-16,31.5,17.7,0,11.7,28.4,1,34.9167,-2.3167,0,0.0,0,0.0
Berkane,2026-09-17,26.2,18.3,5,15.7,34.2,3,34.9167,-2.3167,0,1.5,0,1.5
Berkane,2026-09-18,26.1,18.6,5,17.2,35.6,3,34.9167,-2.3167,0,1.5,0,1.5
Berkane,2026-09-19,26.2,19.1,3,24.0,50.8,45,34.9167,-2.3167,15,0.9,0,15.9
Berkane,2026-09-20,26.9,19.9,3,17.1,35.6,45,34.9167,-2.3167,0,0.9,0,0.9
Berkane,2026-09-21,27.4,18.2,0,13.9,27.4,45,34.9167,-2.3167,0,0.0,0,0.0
Berkane,2026-09-22,27.2,16.9,0,12.6,23.4,1,34.9167,-2.3167,0,0.0,0,0.0
Ain El Aouda,2026-09-16,27.2,18.5,0,21.1,41.8,3,33.8111,-6.7922,15,0.0,0,15.0
Ain El Aouda,2026-09-17,26.7,17.2,0,16.3,32.4,3,33.8111,-6.7922,0,0.0,0,0.0
Ain El Aouda,2026-09-18,28.2,15.7,0,16.6,32.8,45,33.8111,-6.7922,0,0.0,0,0.0
Ain El Aouda,2026-09-19,30.7,15.5,0,14.3,30.2,45,33.8111,-6.7922,0,0.0,0,0.0
Ain El Aouda,2026-09-20,34.8,19.5,0,16.0,32.8,2,33.8111,-6.7922,0,0.0,0,0.0
Ain El Aouda,2026-09-21,33.9,19.3,0,17.3,34.2,1,33.8111,-6.7922,0,0.0,0,0.0
Ain El Aouda,2026-09-22,31.8,17.9,0,15.0,29.5,2,33.8111,-6.7922,0,0.0,0,0.0
Errachidia,2026-09-16,33.5,22.4,3,23.9,45.4,3,31.9319,-4.4244,15,0.9,0,15.9
Errachidia,2026-09-17,32.5,20.9,25,22.5,52.9,3,31.9319,-4.4244,15,7.5,0,22.5
Errachidia,2026-09-18,33.0,20.1,38,21.6,41.4,3,31.9319,-4.4244,15,11.4,0,26.4
Errachidia,2026-09-19,31.8,22.6,15,10.3,28.1,3,31.9319,-4.4244,0,4.5,0,4.5
Errachidia,2026-09-20,31.4,22.4,15,12.7,23.4,3,31.9319,-4.4244,0,4.5,0,4.5
Errachidia,2026-09-21,32.2,21.9,43,13.4,24.1,3,31.9319,-4.4244,0,12.9,0,12.9
Errachidia,2026-09-22,32.4,20.5,45,10.9,20.9,1,31.9319,-4.4244,0,13.5,0,13.5
Al Fqih Ben Çalah,2026-09-16,35.2,18.6,0,16.3,31.0,2,32.507,-6.6886,0,0.0,0,0.0
Al Fqih Ben Çalah,2026-09-17,33.0,16.3,0,15.0,28.8,2,32.507,-6.6886,0,0.0,0,0.0
Al Fqih Ben Çalah,2026-09-18,34.0,17.2,0,11.4,20.9,3,32.507,-6.6886,0,0.0,0,0.0
Al Fqih Ben Çalah,2026-09-19,37.6,19.8,0,8.9,17.6,2,32.507,-6.6886,0,0.0,0,0.0
Al Fqih Ben Çalah,2026-09-20,40.5,23.2,5,21.6,47.9,2,32.507,-6.6886,15,1.5,20,36.5
Al Fqih Ben Çalah,2026-09-21,38.4,22.2,8,16.9,37.3,3,32.507,-6.6886,0,2.4,0,2.4
Al Fqih Ben Çalah,2026-09-22,38.3,20.3,3,10.1,16.6,3,32.507,-6.6886,0,0.9,0,0.9
Ad Darwa,2026-09-16,28.0,19.7,0,17.7,34.6,2,33.4167,-7.5333,0,0.0,0,0.0
Ad Darwa,2026-09-17,27.1,19.1,0,16.1,31.7,3,33.4167,-7.5333,0,0.0,0,0.0
Ad Darwa,2026-09-18,27.9,17.0,0,18.8,36.7,45,33.4167,-7.5333,0,0.0,0,0.0
Ad Darwa,2026-09-19,29.9,17.8,0,15.0,29.9,45,33.4167,-7.5333,0,0.0,0,0.0
Ad Darwa,2026-09-20,33.6,20.8,0,15.5,32.0,2,33.4167,-7.5333,0,0.0,0,0.0
Ad Darwa,2026-09-21,34.2,20.0,0,16.9,35.3,45,33.4167,-7.5333,0,0.0,0,0.0
Ad Darwa,2026-09-22,32.4,19.8,0,15.8,30.6,45,33.4167,-7.5333,0,0.0,0,0.0
Martil,2026-09-16,32.5,19.8,0,29.3,65.9,3,35.61,-5.27,30,0.0,0,30.0
Martil,2026-09-17,25.7,16.7,0,14.2,32.8,3,35.61,-5.27,0,0.0,0,0.0
Martil,2026-09-18,25.2,20.1,3,17.8,38.9,45,35.61,-5.27,0,0.9,0,0.9
Martil,2026-09-19,25.0,22.2,8,29.0,65.2,80,35.61,-5.27,30,2.4,0,32.4
Martil,2026-09-20,25.0,23.0,22,21.2,47.9,2,35.61,-5.27,15,6.6,0,21.6
Martil,2026-09-21,25.6,22.3,0,28.8,51.1,2,35.61,-5.27,15,0.0,0,15.0
Martil,2026-09-22,25.2,21.8,0,20.1,35.3,2,35.61,-5.27,0,0.0,0,0.0
Sidi Slimane,2026-09-16,30.9,20.4,0,20.8,44.3,2,34.26,-5.93,15,0.0,0,15.0
Sidi Slimane,2026-09-17,29.1,19.0,0,13.5,29.2,3,34.26,-5.93,0,0.0,0,0.0
Sidi Slimane,2026-09-18,31.7,16.9,0,17.9,38.9,45,34.26,-5.93,0,0.0,0,0.0
Sidi Slimane,2026-09-19,37.3,17.8,0,16.6,36.4,1,34.26,-5.93,0,0.0,0,0.0
Sidi Slimane,2026-09-20,40.6,23.4,0,17.2,37.8,1,34.26,-5.93,0,0.0,20,20.0
Sidi Slimane,2026-09-21,39.0,24.3,0,15.4,35.6,1,34.26,-5.93,0,0.0,0,0.0
Sidi Slimane,2026-09-22,36.2,19.3,0,14.3,30.2,45,34.26,-5.93,0,0.0,0,0.0
Oued Zem,2026-09-16,31.7,18.5,0,17.5,40.0,1,32.8619,-6.5711,0,0.0,0,0.0
Oued Zem,2026-09-17,30.4,16.3,0,16.6,33.5,1,32.8619,-6.5711,0,0.0,0,0.0
Oued Zem,2026-09-18,31.0,15.9,0,16.2,35.6,3,32.8619,-6.5711,0,0.0,0,0.0
Oued Zem,2026-09-19,35.1,18.9,3,18.9,37.4,2,32.8619,-6.5711,0,0.9,0,0.9
Oued Zem,2026-09-20,37.1,23.5,5,23.8,46.8,3,32.8619,-6.5711,15,1.5,0,16.5
Oued Zem,2026-09-21,33.7,20.3,3,7.2,34.6,3,32.8619,-6.5711,0,0.9,0,0.9
Oued Zem,2026-09-22,34.3,19.4,0,17.5,34.6,3,32.8619,-6.5711,0,0.0,0,0.0
Sefrou,2026-09-16,29.2,19.5,0,17.6,37.8,2,33.83,-4.83,0,0.0,0,0.0
Sefrou,2026-09-17,26.4,17.1,3,15.5,36.0,3,33.83,-4.83,0,0.9,0,0.9
Sefrou,2026-09-18,27.8,17.2,3,14.8,33.1,3,33.83,-4.83,0,0.9,0,0.9
Sefrou,2026-09-19,30.5,19.6,0,17.1,38.5,2,33.83,-4.83,0,0.0,0,0.0
Sefrou,2026-09-20,33.6,23.9,5,24.0,52.2,2,33.83,-4.83,15,1.5,0,16.5
Sefrou,2026-09-21,33.5,18.6,3,16.6,32.0,1,33.83,-4.83,0,0.9,0,0.9
Sefrou,2026-09-22,33.0,17.2,3,15.5,29.9,0,33.83,-4.83,0,0.9,0,0.9
Taroudannt,2026-09-16,37.2,24.7,3,22.6,44.6,2,30.4711,-8.8778,15,0.9,0,15.9
Taroudannt,2026-09-17,30.9,19.4,0,24.5,49.3,3,30.4711,-8.8778,15,0.0,0,15.0
Taroudannt,2026-09-18,31.1,18.7,0,22.1,43.9,3,30.4711,-8.8778,15,0.0,0,15.0
Taroudannt,2026-09-19,32.6,20.0,0,22.2,48.2,2,30.4711,-8.8778,15,0.0,0,15.0
Taroudannt,2026-09-20,33.0,21.5,0,21.2,44.6,2,30.4711,-8.8778,15,0.0,0,15.0
Taroudannt,2026-09-21,37.2,19.0,0,25.3,44.6,1,30.4711,-8.8778,15,0.0,0,15.0
Taroudannt,2026-09-22,38.9,16.7,0,28.3,51.1,3,30.4711,-8.8778,15,0.0,0,15.0
Essaouira,2026-09-16,25.7,20.5,0,35.3,65.2,1,31.513,-9.7687,30,0.0,0,30.0
Essaouira,2026-09-17,24.1,19.2,0,28.4,51.8,1,31.513,-9.7687,15,0.0,0,15.0
Essaouira,2026-09-18,24.5,19.6,0,31.9,58.7,1,31.513,-9.7687,15,0.0,0,15.0
Essaouira,2026-09-19,25.0,19.1,0,30.0,54.0,2,31.513,-9.7687,15,0.0,0,15.0
Essaouira,2026-09-20,24.7,19.2,3,11.7,23.4,45,31.513,-9.7687,0,0.9,0,0.9
Essaouira,2026-09-21,28.8,19.6,0,10.8,20.5,45,31.513,-9.7687,0,0.0,0,0.0
Essaouira,2026-09-22,29.5,20.0,0,11.8,21.6,45,31.513,-9.7687,0,0.0,0,0.0
Azrou,2026-09-16,26.0,13.9,0,17.6,39.6,1,33.4344,-5.2213,0,0.0,0,0.0
Azrou,2026-09-17,26.2,14.9,3,15.5,34.9,3,33.4344,-5.2213,0,0.9,0,0.9
Azrou,2026-09-18,26.5,14.0,3,15.5,34.9,3,33.4344,-5.2213,0,0.9,0,0.9
Azrou,2026-09-19,28.6,17.9,13,18.8,36.7,3,33.4344,-5.2213,0,3.9,0,3.9
Azrou,2026-09-20,30.4,21.0,18,13.7,41.0,80,33.4344,-5.2213,15,5.4,0,20.4
Azrou,2026-09-21,30.0,19.7,17,19.9,47.2,2,33.4344,-5.2213,15,5.1,0,20.1
Azrou,2026-09-22,29.3,17.8,18,15.6,37.1,2,33.4344,-5.2213,0,5.4,0,5.4
Guercif,2026-09-16,34.2,18.7,0,26.6,50.0,1,34.23,-3.36,15,0.0,0,15.0
Guercif,2026-09-17,31.5,20.2,5,27.6,51.5,3,34.23,-3.36,15,1.5,0,16.5
Guercif,2026-09-18,30.4,19.0,8,29.8,54.7,3,34.23,-3.36,15,2.4,0,17.4
Guercif,2026-09-19,29.7,19.9,2,31.6,61.9,3,34.23,-3.36,30,0.6,0,30.6
Guercif,2026-09-20,31.3,20.4,3,28.2,55.1,2,34.23,-3.36,15,0.9,0,15.9
Guercif,2026-09-21,30.5,20.7,0,30.1,51.5,3,34.23,-3.36,15,0.0,0,15.0
Guercif,2026-09-22,32.3,16.9,0,23.4,40.7,0,34.23,-3.36,15,0.0,0,15.0
Warzat,2026-09-16,32.9,18.3,0,24.5,42.8,2,30.9167,-6.9167,15,0.0,0,15.0
Warzat,2026-09-17,31.3,18.8,18,10.1,21.6,80,30.9167,-6.9167,0,5.4,0,5.4
Warzat,2026-09-18,32.3,18.4,10,20.5,37.8,3,30.9167,-6.9167,0,3.0,0,3.0
Warzat,2026-09-19,32.6,20.1,5,11.9,28.8,2,30.9167,-6.9167,0,1.5,0,1.5
Warzat,2026-09-20,32.3,21.9,5,14.8,30.6,2,30.9167,-6.9167,0,1.5,0,1.5
Warzat,2026-09-21,33.0,20.8,3,16.4,46.8,3,30.9167,-6.9167,15,0.9,0,15.9
Warzat,2026-09-22,32.7,19.3,3,15.5,32.8,3,30.9167,-6.9167,0,0.9,0,0.9
Fnidq,2026-09-16,29.4,19.3,0,30.7,59.0,3,35.8414,-5.3587,15,0.0,0,15.0
Fnidq,2026-09-17,27.5,17.6,0,12.6,27.7,3,35.8414,-5.3587,0,0.0,0,0.0
Fnidq,2026-09-18,25.0,19.9,3,17.1,32.8,45,35.8414,-5.3587,0,0.9,0,0.9
Fnidq,2026-09-19,24.5,21.9,8,30.8,58.7,3,35.8414,-5.3587,15,2.4,0,17.4
Fnidq,2026-09-20,24.8,22.5,22,29.3,55.1,3,35.8414,-5.3587,15,6.6,0,21.6
Fnidq,2026-09-21,25.6,22.3,0,28.8,51.1,2,35.8414,-5.3587,15,0.0,0,15.0
Fnidq,2026-09-22,25.1,21.8,0,20.1,35.3,2,35.8414,-5.3587,0,0.0,0,0.0
Tan-Tan,2026-09-16,30.3,20.5,0,24.6,45.0,0,28.4333,-11.1,15,0.0,0,15.0
Tan-Tan,2026-09-17,25.6,20.2,0,31.0,54.4,3,28.4333,-11.1,15,0.0,0,15.0
Tan-Tan,2026-09-18,25.8,19.6,0,27.0,49.0,2,28.4333,-11.1,15,0.0,0,15.0
Tan-Tan,2026-09-19,26.0,19.7,0,19.6,38.2,3,28.4333,-11.1,0,0.0,0,0.0
Tan-Tan,2026-09-20,29.1,18.9,0,17.5,35.3,3,28.4333,-11.1,0,0.0,0,0.0
Tan-Tan,2026-09-21,33.1,18.7,2,20.0,41.4,0,28.4333,-11.1,15,0.6,0,15.6
Tan-Tan,2026-09-22,33.6,21.6,2,18.0,39.2,0,28.4333,-11.1,0,0.6,0,0.6
Sidi Qacem,2026-09-16,31.6,20.4,0,20.1,42.5,2,34.21,-5.7,15,0.0,0,15.0
Sidi Qacem,2026-09-17,29.1,19.2,0,13.5,29.5,3,34.21,-5.7,0,0.0,0,0.0
Sidi Qacem,2026-09-18,31.6,17.6,0,15.5,32.0,45,34.21,-5.7,0,0.0,0,0.0
Sidi Qacem,2026-09-19,36.6,19.5,0,17.2,37.4,1,34.21,-5.7,0,0.0,0,0.0
Sidi Qacem,2026-09-20,39.9,25.0,0,18.4,40.0,2,34.21,-5.7,0,0.0,0,0.0
Sidi Qacem,2026-09-21,38.6,24.7,0,17.0,33.1,2,34.21,-5.7,0,0.0,0,0.0
Sidi Qacem,2026-09-22,37.1,22.7,0,12.3,31.3,0,34.21,-5.7,0,0.0,0,0.0
M’diq,2026-09-16,32.3,19.7,0,29.3,65.9,3,35.68,-5.32,30,0.0,0,30.0
M’diq,2026-09-17,25.6,16.5,0,14.2,32.8,3,35.68,-5.32,0,0.0,0,0.0
M’diq,2026-09-18,25.0,20.0,3,17.8,38.9,45,35.68,-5.32,0,0.9,0,0.9
M’diq,2026-09-19,24.9,22.0,0,29.0,65.2,80,35.68,-5.32,30,0.0,0,30.0
M’diq,2026-09-20,24.9,22.8,0,21.2,47.9,2,35.68,-5.32,15,0.0,0,15.0
M’diq,2026-09-21,26.9,22.8,0,33.2,68.4,2,35.68,-5.32,30,0.0,0,30.0
M’diq,2026-09-22,27.3,22.0,0,21.7,52.9,2,35.68,-5.32,15,0.0,0,15.0
Youssoufia,2026-09-16,32.6,20.0,0,20.3,41.0,2,32.25,-8.53,15,0.0,0,15.0
Youssoufia,2026-09-17,28.4,17.4,0,17.6,37.1,3,32.25,-8.53,0,0.0,0,0.0
Youssoufia,2026-09-18,30.6,17.4,0,18.1,38.5,45,32.25,-8.53,0,0.0,0,0.0
Youssoufia,2026-09-19,32.2,17.2,0,15.3,33.5,3,32.25,-8.53,0,0.0,0,0.0
Youssoufia,2026-09-20,35.3,21.2,0,18.6,39.6,2,32.25,-8.53,0,0.0,0,0.0
Youssoufia,2026-09-21,33.3,21.5,0,21.8,39.6,2,32.25,-8.53,0,0.0,0,0.0
Youssoufia,2026-09-22,34.4,21.1,0,15.7,31.3,1,32.25,-8.53,0,0.0,0,0.0
Midalt,2026-09-16,26.8,17.0,0,25.6,46.1,2,32.68,-4.74,15,0.0,0,15.0
Midalt,2026-09-17,28.7,14.0,20,28.3,52.2,80,32.68,-4.74,15,6.0,0,21.0
Midalt,2026-09-18,27.7,14.6,11,22.0,38.5,3,32.68,-4.74,0,3.3,0,3.3
Midalt,2026-09-19,28.5,13.8,23,17.6,33.1,3,32.68,-4.74,0,6.9,0,6.9
Midalt,2026-09-20,28.9,15.0,18,23.8,45.7,3,32.68,-4.74,15,5.4,0,20.4
Midalt,2026-09-21,29.2,16.1,9,24.8,45.4,3,32.68,-4.74,15,2.7,0,17.7
Midalt,2026-09-22,29.8,13.5,10,18.2,27.7,1,32.68,-4.74,0,3.0,0,3.0
Aïn Harrouda,2026-09-16,26.1,20.7,0,15.2,38.5,2,33.6372,-7.4483,0,0.0,0,0.0
Aïn Harrouda,2026-09-17,25.9,19.7,0,13.5,35.6,3,33.6372,-7.4483,0,0.0,0,0.0
Aïn Harrouda,2026-09-18,25.7,18.3,0,14.2,37.1,2,33.6372,-7.4483,0,0.0,0,0.0
Aïn Harrouda,2026-09-19,26.9,18.0,0,12.1,32.4,45,33.6372,-7.4483,0,0.0,0,0.0
Aïn Harrouda,2026-09-20,29.5,20.9,0,11.5,32.4,2,33.6372,-7.4483,0,0.0,0,0.0
Aïn Harrouda,2026-09-21,29.1,21.3,0,12.1,31.0,45,33.6372,-7.4483,0,0.0,0,0.0
Aïn Harrouda,2026-09-22,28.7,20.4,0,12.6,30.2,45,33.6372,-7.4483,0,0.0,0,0.0
Souq Sebt Oulad Nemma,2026-09-16,35.6,20.7,0,14.5,25.2,2,32.3,-6.7,0,0.0,0,0.0
Souq Sebt Oulad Nemma,2026-09-17,32.4,17.8,0,15.6,27.4,2,32.3,-6.7,0,0.0,0,0.0
Souq Sebt Oulad Nemma,2026-09-18,33.9,18.7,0,10.7,19.8,3,32.3,-6.7,0,0.0,0,0.0
Souq Sebt Oulad Nemma,2026-09-19,37.3,20.5,0,7.2,19.1,3,32.3,-6.7,0,0.0,0,0.0
Souq Sebt Oulad Nemma,2026-09-20,40.7,23.7,2,22.0,37.8,3,32.3,-6.7,0,0.6,20,20.6
Souq Sebt Oulad Nemma,2026-09-21,38.6,23.2,8,14.2,38.3,3,32.3,-6.7,0,2.4,0,2.4
Souq Sebt Oulad Nemma,2026-09-22,38.6,21.6,3,11.4,20.5,3,32.3,-6.7,0,0.9,0,0.9
Mehdya,2026-09-16,26.6,21.0,0,17.0,37.1,3,34.2557,-6.6745,0,0.0,0,0.0
Mehdya,2026-09-17,26.2,19.2,0,11.1,26.3,3,34.2557,-6.6745,0,0.0,0,0.0
Mehdya,2026-09-18,26.1,17.9,0,14.8,32.4,45,34.2557,-6.6745,0,0.0,0,0.0
Mehdya,2026-09-19,30.7,17.5,0,15.2,33.5,45,34.2557,-6.6745,0,0.0,0,0.0
Mehdya,2026-09-20,35.0,20.5,0,11.0,26.3,2,34.2557,-6.6745,0,0.0,0,0.0
Mehdya,2026-09-21,32.8,19.9,0,13.9,32.4,45,34.2557,-6.6745,0,0.0,0,0.0
Mehdya,2026-09-22,27.9,19.4,0,11.1,26.3,45,34.2557,-6.6745,0,0.0,0,0.0
Ouezzane,2026-09-16,30.0,17.2,0,17.0,33.8,3,34.8,-5.6,0,0.0,0,0.0
Ouezzane,2026-09-17,28.7,16.7,0,16.1,31.7,3,34.8,-5.6,0,0.0,0,0.0
Ouezzane,2026-09-18,30.7,15.4,0,16.8,33.1,3,34.8,-5.6,0,0.0,0,0.0
Ouezzane,2026-09-19,36.1,17.8,0,10.9,30.2,1,34.8,-5.6,0,0.0,0,0.0
Ouezzane,2026-09-20,38.7,22.0,0,15.6,32.0,1,34.8,-5.6,0,0.0,0,0.0
Ouezzane,2026-09-21,37.3,21.7,0,14.6,28.8,1,34.8,-5.6,0,0.0,0,0.0
Ouezzane,2026-09-22,36.4,18.6,0,11.2,28.4,0,34.8,-5.6,0,0.0,0,0.0
Semara,2026-09-16,38.8,23.4,0,31.7,53.6,0,26.7394,-11.6703,15,0.0,0,15.0
Semara,2026-09-17,31.1,20.8,0,29.9,50.8,3,26.7394,-11.6703,15,0.0,0,15.0
Semara,2026-09-18,30.2,20.0,0,25.1,45.7,3,26.7394,-11.6703,15,0.0,0,15.0
Semara,2026-09-19,32.3,19.1,2,19.2,34.2,3,26.7394,-11.6703,0,0.6,0,0.6
Semara,2026-09-20,36.7,18.2,0,16.9,33.5,3,26.7394,-11.6703,0,0.0,0,0.0
Semara,2026-09-21,42.7,23.1,7,19.0,41.0,2,26.7394,-11.6703,15,2.1,20,37.1
Semara,2026-09-22,41.2,25.0,8,24.6,51.1,1,26.7394,-11.6703,15,2.4,20,37.4
Ait Ourir,2026-09-16,32.7,20.3,0,15.9,31.0,2,31.5644,-7.6628,0,0.0,0,0.0
Ait Ourir,2026-09-17,28.3,17.3,3,9.8,19.4,2,31.5644,-7.6628,0,0.9,0,0.9
Ait Ourir,2026-09-18,30.5,17.6,0,10.8,23.0,2,31.5644,-7.6628,0,0.0,0,0.0
Ait Ourir,2026-09-19,33.6,19.9,3,9.7,20.5,2,31.5644,-7.6628,0,0.9,0,0.9
Ait Ourir,2026-09-20,37.5,23.0,10,17.0,41.4,3,31.5644,-7.6628,15,3.0,0,18.0
Ait Ourir,2026-09-21,35.6,21.4,3,10.6,25.9,3,31.5644,-7.6628,0,0.9,0,0.9
Ait Ourir,2026-09-22,34.4,20.0,3,10.2,20.9,3,31.5644,-7.6628,0,0.9,0,0.9
Oulad Tayeb,2026-09-16,31.3,21.1,0,17.8,34.2,1,33.9598,-4.9954,0,0.0,0,0.0
Oulad Tayeb,2026-09-17,28.7,17.9,0,14.8,29.5,45,33.9598,-4.9954,0,0.0,0,0.0
Oulad Tayeb,2026-09-18,30.6,17.7,3,13.3,27.0,3,33.9598,-4.9954,0,0.9,0,0.9
Oulad Tayeb,2026-09-19,33.5,19.6,0,20.0,39.2,2,33.9598,-4.9954,0,0.0,0,0.0
Oulad Tayeb,2026-09-20,35.9,21.4,0,21.0,40.0,1,33.9598,-4.9954,0,0.0,0,0.0
Oulad Tayeb,2026-09-21,35.8,22.2,3,11.7,34.6,1,33.9598,-4.9954,0,0.9,0,0.9
Oulad Tayeb,2026-09-22,35.4,20.6,3,9.1,24.5,0,33.9598,-4.9954,0,0.9,0,0.9
Tit Mellil,2026-09-16,26.2,20.4,0,15.2,39.2,2,33.5533,-7.4822,0,0.0,0,0.0
Tit Mellil,2026-09-17,25.9,19.4,0,13.4,35.6,3,33.5533,-7.4822,0,0.0,0,0.0
Tit Mellil,2026-09-18,25.8,17.9,0,14.8,38.9,45,33.5533,-7.4822,0,0.0,0,0.0
Tit Mellil,2026-09-19,27.3,18.6,0,12.8,33.5,2,33.5533,-7.4822,0,0.0,0,0.0
Tit Mellil,2026-09-20,30.1,20.8,0,11.9,33.8,2,33.5533,-7.4822,0,0.0,0,0.0
Tit Mellil,2026-09-21,29.7,20.9,0,11.3,32.8,45,33.5533,-7.4822,0,0.0,0,0.0
Tit Mellil,2026-09-22,28.1,20.1,0,12.5,33.1,45,33.5533,-7.4822,0,0.0,0,0.0
Sidi Bennour,2026-09-16,31.2,18.5,0,21.4,37.1,2,32.655,-8.4292,0,0.0,0,0.0
Sidi Bennour,2026-09-17,28.3,17.9,0,20.2,35.3,2,32.655,-8.4292,0,0.0,0,0.0
Sidi Bennour,2026-09-18,30.2,17.4,0,21.2,37.4,45,32.655,-8.4292,0,0.0,0,0.0
Sidi Bennour,2026-09-19,31.8,16.1,0,17.9,31.7,3,32.655,-8.4292,0,0.0,0,0.0
Sidi Bennour,2026-09-20,34.3,19.5,3,20.0,36.4,2,32.655,-8.4292,0,0.9,0,0.9
Sidi Bennour,2026-09-21,33.3,18.6,0,18.2,33.8,45,32.655,-8.4292,0,0.0,0,0.0
Sidi Bennour,2026-09-22,33.4,20.1,0,17.1,32.8,45,32.655,-8.4292,0,0.0,0,0.0
Temsia,2026-09-16,32.2,22.5,0,16.7,37.1,1,30.3633,-9.4144,0,0.0,0,0.0
Temsia,2026-09-17,28.7,21.0,0,20.9,45.4,3,30.3633,-9.4144,15,0.0,0,15.0
Temsia,2026-09-18,27.8,20.1,0,20.7,45.4,2,30.3633,-9.4144,15,0.0,0,15.0
Temsia,2026-09-19,28.3,20.7,0,21.6,45.7,2,30.3633,-9.4144,15,0.0,0,15.0
Temsia,2026-09-20,28.6,20.4,0,19.9,43.2,2,30.3633,-9.4144,15,0.0,0,15.0
Temsia,2026-09-21,32.7,19.5,0,23.8,41.8,45,30.3633,-9.4144,15,0.0,0,15.0
Temsia,2026-09-22,35.4,19.9,0,25.8,47.2,45,30.3633,-9.4144,15,0.0,0,15.0
Biougra,2026-09-16,34.1,23.1,0,28.4,47.2,1,30.2144,-9.3708,15,0.0,0,15.0
Biougra,2026-09-17,28.1,21.2,0,31.1,51.5,3,30.2144,-9.3708,15,0.0,0,15.0
Biougra,2026-09-18,27.8,20.3,0,28.7,46.4,2,30.2144,-9.3708,15,0.0,0,15.0
Biougra,2026-09-19,28.6,20.6,0,20.9,35.6,2,30.2144,-9.3708,0,0.0,0,0.0
Biougra,2026-09-20,28.8,20.8,0,21.4,35.3,2,30.2144,-9.3708,0,0.0,0,0.0
Biougra,2026-09-21,30.6,19.2,0,20.6,35.3,45,30.2144,-9.3708,0,0.0,0,0.0
Biougra,2026-09-22,32.9,18.6,0,21.9,38.9,45,30.2144,-9.3708,0,0.0,0,0.0
Al Hoceïma,2026-09-16,28.3,19.2,0,12.5,23.8,1,35.2472,-3.9322,0,0.0,0,0.0
Al Hoceïma,2026-09-17,25.5,19.5,10,15.1,27.7,3,35.2472,-3.9322,0,3.0,0,3.0
Al Hoceïma,2026-09-18,26.1,19.2,5,17.9,32.8,3,35.2472,-3.9322,0,1.5,0,1.5
Al Hoceïma,2026-09-19,28.5,19.3,0,26.0,47.2,3,35.2472,-3.9322,15,0.0,0,15.0
Al Hoceïma,2026-09-20,28.4,23.0,0,24.8,44.3,2,35.2472,-3.9322,15,0.0,0,15.0
Al Hoceïma,2026-09-21,27.5,21.6,0,25.7,50.0,1,35.2472,-3.9322,15,0.0,0,15.0
Al Hoceïma,2026-09-22,26.8,17.5,0,10.8,20.9,1,35.2472,-3.9322,0,0.0,0,0.0
Qasbat Tadla,2026-09-16,34.4,18.6,0,13.3,24.1,1,32.6,-6.26,0,0.0,0,0.0
Qasbat Tadla,2026-09-17,32.4,17.6,0,13.0,24.5,3,32.6,-6.26,0,0.0,0,0.0
Qasbat Tadla,2026-09-18,33.7,18.3,0,15.5,27.4,3,32.6,-6.26,0,0.0,0,0.0
Qasbat Tadla,2026-09-19,37.1,20.7,0,8.1,16.2,3,32.6,-6.26,0,0.0,0,0.0
Qasbat Tadla,2026-09-20,40.0,23.3,3,23.4,47.9,3,32.6,-6.26,15,0.9,0,15.9
Qasbat Tadla,2026-09-21,37.9,21.5,5,20.6,38.5,80,32.6,-6.26,0,1.5,0,1.5
Qasbat Tadla,2026-09-22,37.8,18.4,5,13.8,23.4,3,32.6,-6.26,0,1.5,0,1.5
Aziylal,2026-09-16,26.6,15.8,0,17.7,38.9,2,31.96,-6.56,0,0.0,0,0.0
Aziylal,2026-09-17,26.0,14.8,10,16.8,36.7,2,31.96,-6.56,0,3.0,0,3.0
Aziylal,2026-09-18,26.6,15.4,3,16.5,36.0,3,31.96,-6.56,0,0.9,0,0.9
Aziylal,2026-09-19,28.6,18.9,20,11.1,24.8,3,31.96,-6.56,0,6.0,0,6.0
Aziylal,2026-09-20,31.4,20.3,43,14.2,33.1,3,31.96,-6.56,0,12.9,0,12.9
Aziylal,2026-09-21,29.6,20.1,10,16.8,32.8,80,31.96,-6.56,0,3.0,0,3.0
Aziylal,2026-09-22,29.4,17.9,8,16.7,32.8,3,31.96,-6.56,0,2.4,0,2.4
Boujad,2026-09-16,32.8,18.6,0,18.8,33.5,1,32.7741,-6.3925,0,0.0,0,0.0
Boujad,2026-09-17,31.6,17.4,0,18.1,33.8,3,32.7741,-6.3925,0,0.0,0,0.0
Boujad,2026-09-18,32.1,17.6,0,17.4,32.0,3,32.7741,-6.3925,0,0.0,0,0.0
Boujad,2026-09-19,35.7,20.7,0,20.0,34.9,2,32.7741,-6.3925,0,0.0,0,0.0
Boujad,2026-09-20,38.1,24.8,3,26.8,51.1,3,32.7741,-6.3925,15,0.9,0,15.9
Boujad,2026-09-21,35.0,21.7,3,12.6,32.0,80,32.7741,-6.3925,0,0.9,0,0.9
Boujad,2026-09-22,35.2,20.3,0,20.6,39.2,2,32.7741,-6.3925,0,0.0,0,0.0
Al Aaroui,2026-09-16,32.9,17.2,0,16.0,28.4,1,35.0104,-3.0073,0,0.0,0,0.0
Al Aaroui,2026-09-17,27.9,17.5,3,19.3,35.3,3,35.0104,-3.0073,0,0.9,0,0.9
Al Aaroui,2026-09-18,26.7,20.0,6,23.7,41.8,3,35.0104,-3.0073,15,1.8,0,16.8
Al Aaroui,2026-09-19,26.3,20.5,0,31.2,54.4,3,35.0104,-3.0073,15,0.0,0,15.0
Al Aaroui,2026-09-20,26.5,21.3,3,28.1,49.3,2,35.0104,-3.0073,15,0.9,0,15.9
Al Aaroui,2026-09-21,27.9,19.7,0,26.0,48.2,2,35.0104,-3.0073,15,0.0,0,15.0
Al Aaroui,2026-09-22,28.7,15.6,0,15.1,31.3,45,35.0104,-3.0073,0,0.0,0,0.0
Mrirt,2026-09-16,30.2,14.3,0,16.0,32.8,2,33.1654,-5.5634,0,0.0,0,0.0
Mrirt,2026-09-17,30.3,15.2,3,20.6,41.4,3,33.1654,-5.5634,15,0.9,0,15.9
Mrirt,2026-09-18,30.2,14.3,3,18.3,37.1,3,33.1654,-5.5634,0,0.9,0,0.9
Mrirt,2026-09-19,32.1,16.8,3,15.4,33.5,3,33.1654,-5.5634,0,0.9,0,0.9
Mrirt,2026-09-20,34.9,19.5,10,18.4,35.3,3,33.1654,-5.5634,0,3.0,0,3.0
Mrirt,2026-09-21,33.5,17.6,4,21.6,46.8,3,33.1654,-5.5634,15,1.2,0,16.2
Mrirt,2026-09-22,33.2,16.0,3,15.9,40.7,2,33.1654,-5.5634,15,0.9,0,15.9
Tineghir,2026-09-16,31.5,19.5,8,29.8,48.6,2,31.5147,-5.5328,15,2.4,0,17.4
Tineghir,2026-09-17,30.1,19.2,30,18.9,33.8,80,31.5147,-5.5328,0,9.0,0,9.0
Tineghir,2026-09-18,30.8,18.7,53,21.6,51.8,3,31.5147,-5.5328,15,15.9,0,30.9
Tineghir,2026-09-19,29.6,20.8,19,14.2,23.8,2,31.5147,-5.5328,0,5.7,0,5.7
Tineghir,2026-09-20,30.5,19.7,18,15.0,23.8,2,31.5147,-5.5328,0,5.4,0,5.4
Tineghir,2026-09-21,31.8,21.2,7,14.7,24.1,3,31.5147,-5.5328,0,2.1,0,2.1
Tineghir,2026-09-22,31.6,19.1,9,11.0,23.4,3,31.5147,-5.5328,0,2.7,0,2.7
Bouknadel,2026-09-16,25.4,21.1,0,19.7,33.5,2,34.1766,-6.6893,0,0.0,0,0.0
Bouknadel,2026-09-17,25.0,19.3,0,12.8,22.0,3,34.1766,-6.6893,0,0.0,0,0.0
Bouknadel,2026-09-18,25.0,18.0,0,16.2,28.1,45,34.1766,-6.6893,0,0.0,0,0.0
Bouknadel,2026-09-19,28.2,17.8,0,15.8,27.0,45,34.1766,-6.6893,0,0.0,0,0.0
Bouknadel,2026-09-20,31.9,20.4,0,10.7,21.2,2,34.1766,-6.6893,0,0.0,0,0.0
Bouknadel,2026-09-21,32.8,19.9,0,13.9,32.4,45,34.1766,-6.6893,0,0.0,0,0.0
Bouknadel,2026-09-22,27.9,19.4,0,11.1,26.3,45,34.1766,-6.6893,0,0.0,0,0.0
Cabo Bojador,2026-09-16,28.1,22.0,0,28.6,51.5,0,26.1269,-14.4992,15,0.0,0,15.0
Cabo Bojador,2026-09-17,25.5,20.8,0,32.2,59.0,3,26.1269,-14.4992,15,0.0,0,15.0
Cabo Bojador,2026-09-18,24.7,19.8,0,23.6,44.6,3,26.1269,-14.4992,15,0.0,0,15.0
Cabo Bojador,2026-09-19,25.0,19.3,0,22.5,43.2,3,26.1269,-14.4992,15,0.0,0,15.0
Cabo Bojador,2026-09-20,26.1,19.6,0,25.7,47.9,1,26.1269,-14.4992,15,0.0,0,15.0
Cabo Bojador,2026-09-21,25.9,20.2,4,26.4,48.6,1,26.1269,-14.4992,15,1.2,0,16.2
Cabo Bojador,2026-09-22,27.1,20.4,4,25.6,48.2,3,26.1269,-14.4992,15,1.2,0,16.2
Zagora,2026-09-16,37.2,23.1,0,11.5,20.9,3,30.3316,-5.8376,0,0.0,0,0.0
Zagora,2026-09-17,33.9,25.8,13,17.2,30.2,3,30.3316,-5.8376,0,3.9,0,3.9
Zagora,2026-09-18,35.8,24.8,3,17.3,28.1,3,30.3316,-5.8376,0,0.9,0,0.9
Zagora,2026-09-19,35.6,26.7,0,22.3,34.6,2,30.3316,-5.8376,0,0.0,0,0.0
Zagora,2026-09-20,35.4,22.8,0,19.3,30.6,2,30.3316,-5.8376,0,0.0,0,0.0
Zagora,2026-09-21,36.2,24.4,5,16.3,40.0,3,30.3316,-5.8376,0,1.5,0,1.5
Zagora,2026-09-22,35.0,24.4,5,8.3,18.7,3,30.3316,-5.8376,0,1.5,0,1.5
Azemmour,2026-09-16,26.2,20.4,0,19.2,34.6,2,33.2833,-8.3333,0,0.0,0,0.0
Azemmour,2026-09-17,26.4,20.2,0,16.1,30.2,3,33.2833,-8.3333,0,0.0,0,0.0
Azemmour,2026-09-18,26.2,18.5,0,19.1,34.2,3,33.2833,-8.3333,0,0.0,0,0.0
Azemmour,2026-09-19,27.0,18.8,0,15.1,29.5,2,33.2833,-8.3333,0,0.0,0,0.0
Azemmour,2026-09-20,27.8,20.2,0,13.3,24.8,45,33.2833,-8.3333,0,0.0,0,0.0
Azemmour,2026-09-21,28.0,21.7,0,14.4,29.2,45,33.2833,-8.3333,0,0.0,0,0.0
Azemmour,2026-09-22,27.3,21.8,0,13.0,25.9,45,33.2833,-8.3333,0,0.0,0,0.0
El Hajeb,2026-09-16,28.6,17.9,0,18.9,40.0,1,33.6928,-5.3711,0,0.0,0,0.0
El Hajeb,2026-09-17,26.6,15.9,0,17.3,36.4,3,33.6928,-5.3711,0,0.0,0,0.0
El Hajeb,2026-09-18,27.6,15.5,3,15.5,33.1,3,33.6928,-5.3711,0,0.9,0,0.9
El Hajeb,2026-09-19,30.9,17.7,0,20.1,45.7,2,33.6928,-5.3711,15,0.0,0,15.0
El Hajeb,2026-09-20,33.9,23.3,5,20.1,45.7,80,33.6928,-5.3711,15,1.5,0,16.5
El Hajeb,2026-09-21,33.2,20.5,3,22.6,44.6,1,33.6928,-5.3711,15,0.9,0,15.9
El Hajeb,2026-09-22,32.7,20.5,3,17.8,34.6,1,33.6928,-5.3711,0,0.9,0,0.9
Jerada,2026-09-16,29.6,17.7,0,22.1,41.0,0,34.31,-2.16,15,0.0,0,15.0
Jerada,2026-09-17,29.3,17.3,10,16.6,32.4,3,34.31,-2.16,0,3.0,0,3.0
Jerada,2026-09-18,27.1,16.2,9,21.8,46.8,3,34.31,-2.16,15,2.7,0,17.7
Jerada,2026-09-19,28.9,17.1,23,19.1,41.4,3,34.31,-2.16,15,6.9,0,21.9
Jerada,2026-09-20,29.6,19.6,13,14.7,40.7,80,34.31,-2.16,15,3.9,0,18.9
Jerada,2026-09-21,28.7,16.9,3,22.7,40.3,45,34.31,-2.16,15,0.9,0,15.9
Jerada,2026-09-22,29.7,14.2,3,20.2,36.0,1,34.31,-2.16,0,0.9,0,0.9
El Aïoun,2026-09-16,32.2,15.8,0,20.7,36.0,1,34.5726,-2.5127,0,0.0,0,0.0
El Aïoun,2026-09-17,29.7,16.2,8,18.6,32.0,3,34.5726,-2.5127,0,2.4,0,2.4
El Aïoun,2026-09-18,29.0,16.1,3,20.0,34.2,45,34.5726,-2.5127,0,0.9,0,0.9
El Aïoun,2026-09-19,29.9,18.2,8,23.7,40.3,3,34.5726,-2.5127,15,2.4,0,17.4
El Aïoun,2026-09-20,31.5,18.4,3,18.5,32.8,45,34.5726,-2.5127,0,0.9,0,0.9
El Aïoun,2026-09-21,29.4,18.3,0,18.2,31.3,45,34.5726,-2.5127,0,0.0,0,0.0
El Aïoun,2026-09-22,30.9,13.8,0,13.7,27.4,0,34.5726,-2.5127,0,0.0,0,0.0
Tameslouht,2026-09-16,34.3,21.7,0,18.9,30.6,1,31.5,-8.1,0,0.0,0,0.0
Tameslouht,2026-09-17,29.5,18.0,0,13.7,22.0,1,31.5,-8.1,0,0.0,0,0.0
Tameslouht,2026-09-18,31.2,18.6,0,11.3,19.8,3,31.5,-8.1,0,0.0,0,0.0
Tameslouht,2026-09-19,33.9,20.8,0,10.7,19.4,2,31.5,-8.1,0,0.0,0,0.0
Tameslouht,2026-09-20,36.8,23.8,20,21.2,33.8,3,31.5,-8.1,0,6.0,0,6.0
Tameslouht,2026-09-21,34.9,23.2,3,16.0,27.0,80,31.5,-8.1,0,0.9,0,0.9
Tameslouht,2026-09-22,35.5,23.0,3,14.5,24.5,3,31.5,-8.1,0,0.9,0,0.9
Sidi Yahia El Gharb,2026-09-16,28.1,20.4,0,22.6,40.0,2,34.3058,-6.3058,0,0.0,0,0.0
Sidi Yahia El Gharb,2026-09-17,27.6,18.1,0,15.0,27.0,3,34.3058,-6.3058,0,0.0,0,0.0
Sidi Yahia El Gharb,2026-09-18,29.2,16.5,0,18.5,32.8,45,34.3058,-6.3058,0,0.0,0,0.0
Sidi Yahia El Gharb,2026-09-19,35.3,16.7,0,14.4,27.4,45,34.3058,-6.3058,0,0.0,0,0.0
Sidi Yahia El Gharb,2026-09-20,39.8,21.2,0,15.2,26.6,2,34.3058,-6.3058,0,0.0,0,0.0
Sidi Yahia El Gharb,2026-09-21,38.7,23.6,0,16.1,33.8,1,34.3058,-6.3058,0,0.0,0,0.0
Sidi Yahia El Gharb,2026-09-22,33.7,18.6,0,16.4,31.0,45,34.3058,-6.3058,0,0.0,0,0.0
Chichaoua,2026-09-16,35.1,21.5,0,23.2,37.1,1,31.5333,-8.7667,0,0.0,0,0.0
Chichaoua,2026-09-17,29.9,18.4,0,19.8,31.3,3,31.5333,-8.7667,0,0.0,0,0.0
Chichaoua,2026-09-18,31.7,18.5,0,19.2,29.9,2,31.5333,-8.7667,0,0.0,0,0.0
Chichaoua,2026-09-19,33.5,19.2,0,17.8,28.8,2,31.5333,-8.7667,0,0.0,0,0.0
Chichaoua,2026-09-20,34.2,23.4,3,21.8,38.9,3,31.5333,-8.7667,0,0.9,0,0.9
Chichaoua,2026-09-21,34.7,23.5,0,16.4,31.7,2,31.5333,-8.7667,0,0.0,0,0.0
Chichaoua,2026-09-22,35.4,22.5,0,16.3,27.4,2,31.5333,-8.7667,0,0.0,0,0.0
Al ’Attawia,2026-09-16,32.8,18.6,0,16.7,30.2,2,31.83,-7.31,0,0.0,0,0.0
Al ’Attawia,2026-09-17,28.8,16.7,0,14.1,25.9,2,31.83,-7.31,0,0.0,0,0.0
Al ’Attawia,2026-09-18,30.2,17.2,0,15.2,27.7,3,31.83,-7.31,0,0.0,0,0.0
Al ’Attawia,2026-09-19,33.5,19.3,0,12.8,25.6,3,31.83,-7.31,0,0.0,0,0.0
Al ’Attawia,2026-09-20,39.3,21.7,8,24.7,45.7,80,31.83,-7.31,15,2.4,0,17.4
Al ’Attawia,2026-09-21,35.3,20.5,9,14.8,24.8,80,31.83,-7.31,0,2.7,0,2.7
Al ’Attawia,2026-09-22,34.8,18.2,10,12.6,23.0,3,31.83,-7.31,0,3.0,0,3.0
Tabount,2026-09-16,33.0,19.3,0,23.8,37.8,2,30.9014,-6.9217,0,0.0,0,0.0
Tabount,2026-09-17,31.5,19.7,18,12.5,23.0,3,30.9014,-6.9217,0,5.4,0,5.4
Tabount,2026-09-18,32.5,19.3,10,19.8,33.1,3,30.9014,-6.9217,0,3.0,0,3.0
Tabount,2026-09-19,32.9,20.8,5,12.1,22.3,2,30.9014,-6.9217,0,1.5,0,1.5
Tabount,2026-09-20,32.4,21.5,5,16.1,27.0,2,30.9014,-6.9217,0,1.5,0,1.5
Tabount,2026-09-21,32.9,20.7,3,16.4,46.8,3,30.9014,-6.9217,15,0.9,0,15.9
Tabount,2026-09-22,32.6,19.2,3,15.5,32.8,3,30.9014,-6.9217,0,0.9,0,0.9
Zaïo,2026-09-16,33.5,19.2,0,11.6,28.4,2,34.9396,-2.7334,0,0.0,0,0.0
Zaïo,2026-09-17,27.9,18.9,3,16.3,32.0,3,34.9396,-2.7334,0,0.9,0,0.9
Zaïo,2026-09-18,27.9,19.6,8,16.4,35.6,45,34.9396,-2.7334,0,2.4,0,2.4
Zaïo,2026-09-19,27.5,19.7,0,28.5,60.1,3,34.9396,-2.7334,30,0.0,0,30.0
Zaïo,2026-09-20,28.8,20.4,0,18.4,46.4,2,34.9396,-2.7334,15,0.0,0,15.0
Zaïo,2026-09-21,28.1,19.1,0,24.5,47.9,2,34.9396,-2.7334,15,0.0,0,15.0
Zaïo,2026-09-22,28.6,15.4,0,15.8,32.8,45,34.9396,-2.7334,0,0.0,0,0.0
Aguelmous,2026-09-16,29.3,16.0,0,17.2,34.2,1,33.1324,-5.8366,0,0.0,0,0.0
Aguelmous,2026-09-17,29.4,15.5,3,19.2,37.8,1,33.1324,-5.8366,0,0.9,0,0.9
Aguelmous,2026-09-18,29.8,15.5,3,18.2,40.7,3,33.1324,-5.8366,15,0.9,0,15.9
Aguelmous,2026-09-19,32.8,17.0,3,14.8,33.8,3,33.1324,-5.8366,0,0.9,0,0.9
Aguelmous,2026-09-20,34.4,20.7,13,20.9,53.3,3,33.1324,-5.8366,15,3.9,0,18.9
Aguelmous,2026-09-21,32.6,19.7,5,18.9,40.7,80,33.1324,-5.8366,15,1.5,0,16.5
Aguelmous,2026-09-22,32.5,17.3,5,17.0,36.0,2,33.1324,-5.8366,0,1.5,0,1.5
Asilah,2026-09-16,24.5,18.9,0,18.2,33.1,3,35.4667,-6.0333,0,0.0,0,0.0
Asilah,2026-09-17,24.2,18.5,0,14.1,27.7,3,35.4667,-6.0333,0,0.0,0,0.0
Asilah,2026-09-18,26.9,16.6,0,20.9,37.8,2,35.4667,-6.0333,0,0.0,0,0.0
Asilah,2026-09-19,29.0,22.3,0,37.1,69.5,0,35.4667,-6.0333,30,0.0,0,30.0
Asilah,2026-09-20,30.0,24.1,0,35.3,67.3,0,35.4667,-6.0333,30,0.0,0,30.0
Asilah,2026-09-21,35.9,24.4,0,18.0,36.4,0,35.4667,-6.0333,0,0.0,0,0.0
Asilah,2026-09-22,35.7,22.0,0,11.6,22.7,0,35.4667,-6.0333,0,0.0,0,0.0
Imzouren,2026-09-16,29.4,20.8,0,12.6,24.1,1,35.1464,-3.8506,0,0.0,0,0.0
Imzouren,2026-09-17,25.8,18.8,3,16.2,29.2,3,35.1464,-3.8506,0,0.9,0,0.9
Imzouren,2026-09-18,26.6,19.2,8,18.4,32.8,45,35.1464,-3.8506,0,2.4,0,2.4
Imzouren,2026-09-19,29.4,19.1,0,24.7,49.3,3,35.1464,-3.8506,15,0.0,0,15.0
Imzouren,2026-09-20,29.7,21.5,0,22.3,40.0,2,35.1464,-3.8506,0,0.0,0,0.0
Imzouren,2026-09-21,30.2,21.7,0,16.8,33.8,1,35.1464,-3.8506,0,0.0,0,0.0
Imzouren,2026-09-22,30.3,17.2,0,11.2,22.7,1,35.1464,-3.8506,0,0.0,0,0.0
Mediouna,2026-09-16,28.3,19.5,0,18.4,33.8,2,33.4556,-7.5208,0,0.0,0,0.0
Mediouna,2026-09-17,27.4,18.9,0,16.8,30.6,3,33.4556,-7.5208,0,0.0,0,0.0
Mediouna,2026-09-18,28.1,17.2,0,19.9,36.0,45,33.4556,-7.5208,0,0.0,0,0.0
Mediouna,2026-09-19,30.2,17.5,0,16.4,29.5,45,33.4556,-7.5208,0,0.0,0,0.0
Mediouna,2026-09-20,34.1,20.7,0,16.6,31.3,2,33.4556,-7.5208,0,0.0,0,0.0
Mediouna,2026-09-21,29.3,20.5,0,11.3,32.8,45,33.4556,-7.5208,0,0.0,0,0.0
Mediouna,2026-09-22,27.7,19.7,0,12.5,33.1,45,33.4556,-7.5208,0,0.0,0,0.0
Demnat,2026-09-16,29.9,17.3,0,17.4,33.5,1,31.7311,-7.0361,0,0.0,0,0.0
Demnat,2026-09-17,26.0,15.4,0,14.0,28.1,2,31.7311,-7.0361,0,0.0,0,0.0
Demnat,2026-09-18,27.9,15.5,0,12.4,26.3,3,31.7311,-7.0361,0,0.0,0,0.0
Demnat,2026-09-19,30.9,18.0,3,11.8,24.1,3,31.7311,-7.0361,0,0.9,0,0.9
Demnat,2026-09-20,36.2,20.2,23,16.9,36.4,3,31.7311,-7.0361,0,6.9,0,6.9
Demnat,2026-09-21,32.8,18.9,10,13.4,28.8,3,31.7311,-7.0361,0,3.0,0,3.0
Demnat,2026-09-22,32.2,17.4,10,15.0,29.2,3,31.7311,-7.0361,0,3.0,0,3.0
Aïn Taoujdat,2026-09-16,31.6,20.4,0,19.8,37.8,1,33.9333,-5.2167,0,0.0,0,0.0
Aïn Taoujdat,2026-09-17,27.3,17.9,0,15.2,29.5,45,33.9333,-5.2167,0,0.0,0,0.0
Aïn Taoujdat,2026-09-18,29.8,16.6,3,15.7,30.6,3,33.9333,-5.2167,0,0.9,0,0.9
Aïn Taoujdat,2026-09-19,33.8,18.6,0,19.3,37.1,2,33.9333,-5.2167,0,0.0,0,0.0
Aïn Taoujdat,2026-09-20,36.2,20.6,3,22.2,42.5,1,33.9333,-5.2167,15,0.9,0,15.9
Aïn Taoujdat,2026-09-21,36.3,21.3,0,17.4,31.7,1,33.9333,-5.2167,0,0.0,0,0.0
Aïn Taoujdat,2026-09-22,35.6,19.6,0,14.3,27.7,0,33.9333,-5.2167,0,0.0,0,0.0
Sidi Smai’il,2026-09-16,29.5,19.6,0,19.5,34.2,2,32.8167,-8.5,0,0.0,0,0.0
Sidi Smai’il,2026-09-17,27.3,18.4,0,17.7,31.3,3,32.8167,-8.5,0,0.0,0,0.0
Sidi Smai’il,2026-09-18,28.9,18.0,0,19.8,35.3,3,32.8167,-8.5,0,0.0,0,0.0
Sidi Smai’il,2026-09-19,30.2,17.4,0,15.9,28.4,2,32.8167,-8.5,0,0.0,0,0.0
Sidi Smai’il,2026-09-20,32.3,20.5,0,17.3,30.6,45,32.8167,-8.5,0,0.0,0,0.0
Sidi Smai’il,2026-09-21,30.6,19.9,0,17.1,31.0,45,32.8167,-8.5,0,0.0,0,0.0
Sidi Smai’il,2026-09-22,30.3,20.8,0,15.9,29.5,45,32.8167,-8.5,0,0.0,0,0.0
Moulay Bousselham,2026-09-16,25.0,18.9,0,18.0,29.9,45,34.8786,-6.2933,0,0.0,0,0.0
Moulay Bousselham,2026-09-17,25.1,18.5,0,12.9,21.6,3,34.8786,-6.2933,0,0.0,0,0.0
Moulay Bousselham,2026-09-18,24.8,15.7,0,19.5,32.8,45,34.8786,-6.2933,0,0.0,0,0.0
Moulay Bousselham,2026-09-19,29.7,18.0,0,12.7,24.5,45,34.8786,-6.2933,0,0.0,0,0.0
Moulay Bousselham,2026-09-20,35.6,21.3,0,15.2,26.3,1,34.8786,-6.2933,0,0.0,0,0.0
Moulay Bousselham,2026-09-21,34.9,20.1,0,18.7,33.8,1,34.8786,-6.2933,0,0.0,0,0.0
Moulay Bousselham,2026-09-22,30.3,18.6,0,15.5,30.2,45,34.8786,-6.2933,0,0.0,0,0.0
Mechraa Bel Ksiri,2026-09-16,29.5,19.2,0,20.3,37.8,45,34.56,-5.95,0,0.0,0,0.0
Mechraa Bel Ksiri,2026-09-17,29.0,18.6,0,14.3,26.6,3,34.56,-5.95,0,0.0,0,0.0
Mechraa Bel Ksiri,2026-09-18,31.5,16.0,0,18.4,34.6,45,34.56,-5.95,0,0.0,0,0.0
Mechraa Bel Ksiri,2026-09-19,36.9,17.7,0,16.6,29.9,45,34.56,-5.95,0,0.0,0,0.0
Mechraa Bel Ksiri,2026-09-20,40.3,24.8,0,21.6,41.0,1,34.56,-5.95,15,0.0,20,35.0
Mechraa Bel Ksiri,2026-09-21,38.9,23.8,0,17.0,33.1,1,34.56,-5.95,0,0.0,0,0.0
Mechraa Bel Ksiri,2026-09-22,35.8,19.8,0,15.8,29.9,45,34.56,-5.95,0,0.0,0,0.0
Souk et Tnine Jorf el Mellah,2026-09-16,31.3,19.6,0,20.2,37.4,3,34.4945,-5.5047,0,0.0,0,0.0
Souk et Tnine Jorf el Mellah,2026-09-17,29.6,18.9,0,13.6,25.9,3,34.4945,-5.5047,0,0.0,0,0.0
Souk et Tnine Jorf el Mellah,2026-09-18,32.3,16.8,0,11.7,22.7,45,34.4945,-5.5047,0,0.0,0,0.0
Souk et Tnine Jorf el Mellah,2026-09-19,37.0,19.5,0,20.6,37.8,1,34.4945,-5.5047,0,0.0,0,0.0
Souk et Tnine Jorf el Mellah,2026-09-20,39.7,25.1,0,19.5,38.2,1,34.4945,-5.5047,0,0.0,0,0.0
Souk et Tnine Jorf el Mellah,2026-09-21,38.4,25.2,0,17.1,32.4,1,34.4945,-5.5047,0,0.0,0,0.0
Souk et Tnine Jorf el Mellah,2026-09-22,37.6,21.8,0,13.7,27.0,0,34.4945,-5.5047,0,0.0,0,0.0
Zeghanghane,2026-09-16,32.0,18.6,0,12.1,21.6,1,35.1575,-3.0017,0,0.0,0,0.0
Zeghanghane,2026-09-17,27.7,19.1,3,15.5,31.3,3,35.1575,-3.0017,0,0.9,0,0.9
Zeghanghane,2026-09-18,26.5,20.8,3,19.3,37.1,3,35.1575,-3.0017,0,0.9,0,0.9
Zeghanghane,2026-09-19,26.2,21.6,0,29.6,60.1,3,35.1575,-3.0017,30,0.0,0,30.0
Zeghanghane,2026-09-20,26.2,22.6,3,28.7,58.0,2,35.1575,-3.0017,15,0.9,0,15.9
Zeghanghane,2026-09-21,27.1,21.6,0,22.8,42.1,2,35.1575,-3.0017,15,0.0,0,15.0
Zeghanghane,2026-09-22,27.2,17.6,0,17.7,33.1,45,35.1575,-3.0017,0,0.0,0,0.0
Oulad Barhil,2026-09-16,36.6,22.3,5,26.7,47.9,1,30.6408,-8.475,15,1.5,0,16.5
Oulad Barhil,2026-09-17,30.2,18.1,0,30.1,53.6,3,30.6408,-8.475,15,0.0,0,15.0
Oulad Barhil,2026-09-18,30.8,17.7,0,27.2,49.3,3,30.6408,-8.475,15,0.0,0,15.0
Oulad Barhil,2026-09-19,35.1,20.8,4,26.6,49.3,2,30.6408,-8.475,15,1.2,0,16.2
Oulad Barhil,2026-09-20,37.1,20.9,5,26.4,45.7,2,30.6408,-8.475,15,1.5,0,16.5
Oulad Barhil,2026-09-21,38.0,20.6,0,26.6,48.6,1,30.6408,-8.475,15,0.0,0,15.0
Oulad Barhil,2026-09-22,37.7,18.8,0,24.5,48.6,1,30.6408,-8.475,15,0.0,0,15.0
Bir Jdid,2026-09-16,26.2,20.2,0,19.2,37.1,45,33.3737,-8.0002,0,0.0,0,0.0
Bir Jdid,2026-09-17,26.1,18.8,0,16.7,32.0,3,33.3737,-8.0002,0,0.0,0,0.0
Bir Jdid,2026-09-18,26.5,18.0,3,18.8,36.4,3,33.3737,-8.0002,0,0.9,0,0.9
Bir Jdid,2026-09-19,27.5,18.2,0,15.9,31.3,2,33.3737,-8.0002,0,0.0,0,0.0
Bir Jdid,2026-09-20,29.9,20.5,0,14.7,31.3,45,33.3737,-8.0002,0,0.0,0,0.0
Bir Jdid,2026-09-21,29.8,20.7,0,16.1,31.3,45,33.3737,-8.0002,0,0.0,0,0.0
Bir Jdid,2026-09-22,28.5,20.6,0,15.7,31.0,45,33.3737,-8.0002,0,0.0,0,0.0
Bou Arfa,2026-09-16,28.8,18.4,3,14.4,23.0,2,32.531,-1.9631,0,0.9,0,0.9
Bou Arfa,2026-09-17,30.6,17.0,18,15.8,33.8,80,32.531,-1.9631,0,5.4,0,5.4
Bou Arfa,2026-09-18,30.2,17.7,30,19.2,32.0,3,32.531,-1.9631,0,9.0,0,9.0
Bou Arfa,2026-09-19,30.0,19.1,23,18.9,40.7,3,32.531,-1.9631,15,6.9,0,21.9
Bou Arfa,2026-09-20,30.0,18.5,12,15.9,30.6,3,32.531,-1.9631,0,3.6,0,3.6
Bou Arfa,2026-09-21,28.1,19.4,14,13.8,24.5,3,32.531,-1.9631,0,4.2,0,4.2
Bou Arfa,2026-09-22,29.7,17.4,15,17.8,27.0,2,32.531,-1.9631,0,4.5,0,4.5
Tahannawt,2026-09-16,30.5,18.8,0,17.8,33.8,0,31.3514,-7.9508,0,0.0,0,0.0
Tahannawt,2026-09-17,26.2,14.8,3,12.8,25.2,1,31.3514,-7.9508,0,0.9,0,0.9
Tahannawt,2026-09-18,28.2,15.3,0,13.8,27.0,2,31.3514,-7.9508,0,0.0,0,0.0
Tahannawt,2026-09-19,30.9,18.2,0,11.9,23.4,2,31.3514,-7.9508,0,0.0,0,0.0
Tahannawt,2026-09-20,33.9,21.6,25,16.2,33.1,3,31.3514,-7.9508,0,7.5,0,7.5
Tahannawt,2026-09-21,32.0,19.2,8,13.3,27.4,95,31.3514,-7.9508,0,2.4,0,2.4
Tahannawt,2026-09-22,32.4,17.7,8,12.0,22.7,3,31.3514,-7.9508,0,2.4,0,2.4
Arfoud,2026-09-16,34.9,23.8,3,14.3,23.0,3,31.4361,-4.2328,0,0.9,0,0.9
Arfoud,2026-09-17,34.5,22.8,23,21.3,37.1,3,31.4361,-4.2328,0,6.9,0,6.9
Arfoud,2026-09-18,34.7,22.1,8,15.8,24.8,3,31.4361,-4.2328,0,2.4,0,2.4
Arfoud,2026-09-19,34.2,23.1,8,13.2,23.4,2,31.4361,-4.2328,0,2.4,0,2.4
Arfoud,2026-09-20,34.5,23.5,3,20.0,31.0,2,31.4361,-4.2328,0,0.9,0,0.9
Arfoud,2026-09-21,34.3,23.3,10,14.1,23.0,80,31.4361,-4.2328,0,3.0,0,3.0
Arfoud,2026-09-22,34.6,20.6,10,8.1,15.1,3,31.4361,-4.2328,0,3.0,0,3.0
Tahla,2026-09-16,31.0,19.2,0,17.1,32.4,2,34.05,-4.42,0,0.0,0,0.0
Tahla,2026-09-17,29.2,17.1,3,14.8,28.4,3,34.05,-4.42,0,0.9,0,0.9
Tahla,2026-09-18,31.2,16.4,3,13.9,25.9,3,34.05,-4.42,0,0.9,0,0.9
Tahla,2026-09-19,32.3,20.1,0,25.1,48.2,2,34.05,-4.42,15,0.0,0,15.0
Tahla,2026-09-20,34.5,22.2,0,25.2,47.2,2,34.05,-4.42,15,0.0,0,15.0
Tahla,2026-09-21,33.0,23.2,0,14.4,26.3,2,34.05,-4.42,0,0.0,0,0.0
Tahla,2026-09-22,34.0,21.7,0,12.6,23.8,0,34.05,-4.42,0,0.0,0,0.0
Missour,2026-09-16,32.2,17.9,0,22.7,36.0,2,33.05,-3.9908,0,0.0,0,0.0
Missour,2026-09-17,32.5,17.2,38,20.2,37.1,80,33.05,-3.9908,0,11.4,0,11.4
Missour,2026-09-18,30.6,16.4,18,29.8,49.0,3,33.05,-3.9908,15,5.4,0,20.4
Missour,2026-09-19,31.0,17.4,20,28.3,45.4,3,33.05,-3.9908,15,6.0,0,21.0
Missour,2026-09-20,33.2,18.5,15,31.7,51.1,3,33.05,-3.9908,15,4.5,0,19.5
Missour,2026-09-21,31.8,19.2,7,25.5,40.0,3,33.05,-3.9908,0,2.1,0,2.1
Missour,2026-09-22,32.5,17.3,8,23.1,35.6,0,33.05,-3.9908,0,2.4,0,2.4
Sidi Lmokhtar,2026-09-16,34.9,21.8,0,23.5,38.9,1,31.57,-9.01,0,0.0,0,0.0
Sidi Lmokhtar,2026-09-17,29.2,18.1,0,22.3,36.7,3,31.57,-9.01,0,0.0,0,0.0
Sidi Lmokhtar,2026-09-18,31.5,17.9,0,18.0,29.5,1,31.57,-9.01,0,0.0,0,0.0
Sidi Lmokhtar,2026-09-19,33.1,18.8,0,14.4,28.1,2,31.57,-9.01,0,0.0,0,0.0
Sidi Lmokhtar,2026-09-20,34.5,22.6,0,17.1,33.5,2,31.57,-9.01,0,0.0,0,0.0
Sidi Lmokhtar,2026-09-21,33.0,20.9,0,22.4,37.8,1,31.57,-9.01,0,0.0,0,0.0
Sidi Lmokhtar,2026-09-22,33.7,19.8,0,19.3,31.7,1,31.57,-9.01,0,0.0,0,0.0
Douar Toulal,2026-09-16,30.7,19.0,0,18.8,42.1,1,33.8951,-5.6021,15,0.0,0,15.0
Douar Toulal,2026-09-17,27.9,17.6,0,14.8,33.8,3,33.8951,-5.6021,0,0.0,0,0.0
Douar Toulal,2026-09-18,29.4,15.9,3,15.2,34.6,3,33.8951,-5.6021,0,0.9,0,0.9
Douar Toulal,2026-09-19,34.6,18.6,0,12.7,29.5,1,33.8951,-5.6021,0,0.0,0,0.0
Douar Toulal,2026-09-20,37.9,21.9,3,18.8,44.6,2,33.8951,-5.6021,15,0.9,0,15.9
Douar Toulal,2026-09-21,36.7,21.9,0,18.8,36.0,2,33.8951,-5.6021,0,0.0,0,0.0
Douar Toulal,2026-09-22,35.1,21.5,0,16.0,31.0,0,33.8951,-5.6021,0,0.0,0,0.0
Oulad Yaïch,2026-09-16,34.7,21.6,0,12.3,22.3,2,32.4167,-6.3333,0,0.0,0,0.0
Oulad Yaïch,2026-09-17,32.0,18.0,0,14.3,25.6,2,32.4167,-6.3333,0,0.0,0,0.0
Oulad Yaïch,2026-09-18,33.4,19.0,0,9.2,17.3,3,32.4167,-6.3333,0,0.0,0,0.0
Oulad Yaïch,2026-09-19,37.0,20.8,0,7.2,12.2,2,32.4167,-6.3333,0,0.0,0,0.0
Oulad Yaïch,2026-09-20,40.4,23.6,3,24.1,43.2,2,32.4167,-6.3333,15,0.9,20,35.9
Oulad Yaïch,2026-09-21,37.4,26.2,5,22.9,42.8,3,32.4167,-6.3333,15,1.5,0,16.5
Oulad Yaïch,2026-09-22,37.0,25.4,5,18.5,34.6,3,32.4167,-6.3333,0,1.5,0,1.5
Zawyat ech Cheïkh,2026-09-16,31.9,17.3,0,12.6,23.8,2,32.6541,-5.9214,0,0.0,0,0.0
Zawyat ech Cheïkh,2026-09-17,30.4,16.0,0,13.4,25.2,3,32.6541,-5.9214,0,0.0,0,0.0
Zawyat ech Cheïkh,2026-09-18,31.7,16.7,0,10.0,18.4,3,32.6541,-5.9214,0,0.0,0,0.0
Zawyat ech Cheïkh,2026-09-19,35.1,19.5,0,11.6,21.6,2,32.6541,-5.9214,0,0.0,0,0.0
Zawyat ech Cheïkh,2026-09-20,38.1,23.2,2,21.4,38.5,3,32.6541,-5.9214,0,0.6,0,0.6
Zawyat ech Cheïkh,2026-09-21,36.1,21.6,5,21.8,38.9,3,32.6541,-5.9214,0,1.5,0,1.5
Zawyat ech Cheïkh,2026-09-22,35.8,20.0,5,13.7,24.8,1,32.6541,-5.9214,0,1.5,0,1.5
Imi-n-Tanout,2026-09-16,30.4,20.6,0,27.1,47.9,1,31.177,-8.8504,15,0.0,0,15.0
Imi-n-Tanout,2026-09-17,25.3,16.8,0,17.9,32.0,45,31.177,-8.8504,0,0.0,0,0.0
Imi-n-Tanout,2026-09-18,27.2,16.2,0,17.6,30.6,3,31.177,-8.8504,0,0.0,0,0.0
Imi-n-Tanout,2026-09-19,29.9,20.0,0,16.1,27.0,2,31.177,-8.8504,0,0.0,0,0.0
Imi-n-Tanout,2026-09-20,31.8,23.1,18,18.0,31.3,3,31.177,-8.8504,0,5.4,0,5.4
Imi-n-Tanout,2026-09-21,31.7,23.2,1,16.4,28.4,3,31.177,-8.8504,0,0.3,0,0.3
Imi-n-Tanout,2026-09-22,32.6,21.0,3,17.6,31.0,1,31.177,-8.8504,0,0.9,0,0.9
Sebt Gzoula,2026-09-16,32.6,20.6,0,20.2,38.2,2,32.1219,-9.0889,0,0.0,0,0.0
Sebt Gzoula,2026-09-17,28.1,18.4,0,17.5,33.5,2,32.1219,-9.0889,0,0.0,0,0.0
Sebt Gzoula,2026-09-18,30.4,18.4,0,19.7,37.4,1,32.1219,-9.0889,0,0.0,0,0.0
Sebt Gzoula,2026-09-19,31.3,18.2,0,15.9,31.3,2,32.1219,-9.0889,0,0.0,0,0.0
Sebt Gzoula,2026-09-20,30.3,21.4,0,15.0,29.9,2,32.1219,-9.0889,0,0.0,0,0.0
Sebt Gzoula,2026-09-21,28.0,19.9,0,14.9,27.7,45,32.1219,-9.0889,0,0.0,0,0.0
Sebt Gzoula,2026-09-22,28.2,20.0,0,14.3,27.0,45,32.1219,-9.0889,0,0.0,0,0.0
Tifariti,2026-09-16,37.7,21.9,0,38.8,58.3,0,26.158,-10.567,15,0.0,0,15.0
Tifariti,2026-09-17,31.4,17.8,0,36.5,54.0,0,26.158,-10.567,15,0.0,0,15.0
Tifariti,2026-09-18,29.6,15.7,0,35.8,52.9,3,26.158,-10.567,15,0.0,0,15.0
Tifariti,2026-09-19,31.5,16.8,0,24.0,36.7,3,26.158,-10.567,0,0.0,0,0.0
Tifariti,2026-09-20,37.4,18.5,2,16.0,31.0,0,26.158,-10.567,0,0.6,0,0.6
Tifariti,2026-09-21,38.6,26.6,12,22.1,41.0,1,26.158,-10.567,15,3.6,0,18.6
Tifariti,2026-09-22,38.8,26.2,11,26.3,39.6,0,26.158,-10.567,0,3.3,0,3.3
